course_id,course,level,department,description,career
IKBN-DIP-001,Diploma Teknologi Elektrik (Penjaga Jentera Elektrik - A1),Diploma,Elektrik & Elektronik,"Kursus Elektrik menyediakan pelajar untuk kerjaya di dalam industri kejuruteraan elektrik. memberi prospek kerjaya sebagai Penjaga Jentera Elektrik (Chargeman) yang kompeten di sektor awam atau industri, Juruteknik di sektor awam atau industri, tenaga pengajar di mana-mana ILKA dan ILKS atau peluang melanjutkan pengajian dalam  bidang Penjaga Jentera Elektrik kategori A4.","Kursus Elektrik menyediakan pelajar untuk kerjaya di dalam industri kejuruteraan elektrik. memberi prospek kerjaya sebagai Penjaga Jentera Elektrik (Chargeman) yang kompeten di sektor awam atau industri, Juruteknik di sektor awam atau industri, tenaga pengajar di mana-mana ILKA dan ILKS atau peluang melanjutkan pengajian dalam  bidang Penjaga Jentera Elektrik kategori A4."
IKBN-DIP-002,Diploma Teknologi Elektrik (Penyejukbekuan & Penyamanan Udara),Diploma,Elektrik & Elektronik,Kursus diploma kemahiran tahap 4 ini dijalankan selama 2 semester(12 bulan) di institut dan 1 semester (3 bulan) latihan industri. Pelajar yang ingin memohon kursus ini perlu mempunyai kelayakan Sijil Kemahiran Malaysia Tahap 3 dalam bidang penyamanan udara/HVAC.Subjek-subjek yang akan dipelajari adalah seperti berikut: - HVAC Layout Design - HVAC Piping System Design - HVAC Ducting System Design - HVAC Electrical System Design - HVAC Tender Document Preparation - HVAC Project Planning - HVAC Project Monitoring - HVAC Handing Over Process,Kursus diploma kemahiran tahap 4 ini dijalankan selama 2 semester(12 bulan) di institut dan 1 semester (3 bulan) latihan industri. Pelajar yang ingin memohon kursus ini perlu mempunyai kelayakan Sijil Kemahiran Malaysia Tahap 3 dalam bidang penyamanan udara/HVAC.Subjek-subjek yang akan dipelajari adalah seperti berikut: - HVAC Layout Design - HVAC Piping System Design - HVAC Ducting System Design - HVAC Electrical System Design - HVAC Tender Document Preparation - HVAC Project Planning - HVAC Project Monitoring - HVAC Handing Over Process
IKBN-DIP-003,Diploma Teknologi Fesyen Dan Pakaian (Rekaan Fesyen),Diploma,Hospitaliti & Gaya Hidup,"Kursus Diploma Kemahiran Malaysia Rekaan Fesyen merupakan salah satu jurusan di dalam Jabatan Fesyen Dan Pakaian. Modul kursus berasaskan ‘National Occupational Skill Standard’ (NOSS) disediakan oleh Jabatan Pembangunan Kemahiran (JPK). Kaedah pengajaran adalah berpandukan pembelajaran teori dan amali. Penilaian adalah berdasarkan sistem keterampilan. Keterampilan pelajar dinilai secara berterusan sepanjang tempoh latihan dalam bidang berkenaan mengikut tahap yang telah ditetapkan. Penekanan diberikan kepada topik-topik keselamatan, kebersihan bengkel, produk dan cara penggunaan peralatan jahitan dan bahan-bahan pakaian. Penyediaan pelbagai jenis rekaan yang dihasilkan seperti pakaian kostum dan maskot, rekaan draping atau Evening Dress, pakaian custom made contohnya pakaian pejabat, pakaian sukan dan pelbagai lagi serta mempelajari menghasilkan Fashion Illustration dengan pelbagai kaedah dan teknik seperti teknik mix-media, collage, hatching dan banyak lagi.","Kursus Diploma Kemahiran Malaysia Rekaan Fesyen merupakan salah satu jurusan di dalam Jabatan Fesyen Dan Pakaian. Modul kursus berasaskan ‘National Occupational Skill Standard’ (NOSS) disediakan oleh Jabatan Pembangunan Kemahiran (JPK). Kaedah pengajaran adalah berpandukan pembelajaran teori dan amali. Penilaian adalah berdasarkan sistem keterampilan. Keterampilan pelajar dinilai secara berterusan sepanjang tempoh latihan dalam bidang berkenaan mengikut tahap yang telah ditetapkan. Penekanan diberikan kepada topik-topik keselamatan, kebersihan bengkel, produk dan cara penggunaan peralatan jahitan dan bahan-bahan pakaian. Penyediaan pelbagai jenis rekaan yang dihasilkan seperti pakaian kostum dan maskot, rekaan draping atau Evening Dress, pakaian custom made contohnya pakaian pejabat, pakaian sukan dan pelbagai lagi serta mempelajari menghasilkan Fashion Illustration dengan pelbagai kaedah dan teknik seperti teknik mix-media, collage, hatching dan banyak lagi."
IKBN-DIP-006,Diploma Teknologi Mekanikal (Rekabentuk Produk Industri),Diploma,Mekanikal & Pembuatan,"Pelajar akan dilatih menyediakan pelan komponen mekanikal dan merekabentuk produk yang berkaitan dengan industri dalam lukisan 2 dan 3 dimensi menggunakan perisian CAD dan CAM seperti AutoCAD, Inventor. Di samping itu, pelajar juga didedahkan menggunakan aplikasi multimedia seperti Adobe Photoshop dan Adobe Flash bagi menghasilkan lakaran idea dan persembahan yang berkesan dan mantap. Selain daripada itu, para pelajar juga akan diajar untuk menghasilkan model dengan teknik pembuatan deras atau lebih dikenali sebagai Rapid Prototyping.","Pelajar akan dilatih menyediakan pelan komponen mekanikal dan merekabentuk produk yang berkaitan dengan industri dalam lukisan 2 dan 3 dimensi menggunakan perisian CAD dan CAM seperti AutoCAD, Inventor. Di samping itu, pelajar juga didedahkan menggunakan aplikasi multimedia seperti Adobe Photoshop dan Adobe Flash bagi menghasilkan lakaran idea dan persembahan yang berkesan dan mantap. Selain daripada itu, para pelajar juga akan diajar untuk menghasilkan model dengan teknik pembuatan deras atau lebih dikenali sebagai Rapid Prototyping."
IKBN-DIP-007,Diploma Teknologi Pembuatan Makanan (Pemprosesan),Diploma,Hospitaliti & Gaya Hidup,"Kurikulum latihan mengambil masa selama 3 tahun 3 bulan dimana peserta akan dilengkapkan dengan pengetahuan berkaitan pengurusan perolehan bahan mentah, pemantauan operasi pengeluaran makanan, pemantauan pematuhan jaminan keselamatan makanan, pengurusan penyelenggaraan mesin, pengurusan stok dan pengurusan sember manusia. Peserta mempelajari tatacara penyediaan spesifikasi perolehan bahan mentah, kenalpasti pembekal berpotensi dan proses penerimaan bahan mentah dari pembekal. Peserta juga diajar teknik merancang operasi pengeluaran melibatkan sumber seperti peralatan, bahan mentah, manusia bagi memastikan operasi pengeluaran berjalan dengan baik. Selain itu, pendedahan berkaitan kawalan kualiti turut didedahkan bagi menjamin keselamatan dan kualiti pengeluaran dengan mamatuhi piawaian badan pensijilan MeSTI, Halal, GMP dan HACCP. Pengurusan penyelenggaraan mesin dan peralatan, sanitasi, kawalan perosak yang teratur turut ditekankan dalam kurikulum latihan.","Kurikulum latihan mengambil masa selama 3 tahun 3 bulan dimana peserta akan dilengkapkan dengan pengetahuan berkaitan pengurusan perolehan bahan mentah, pemantauan operasi pengeluaran makanan, pemantauan pematuhan jaminan keselamatan makanan, pengurusan penyelenggaraan mesin, pengurusan stok dan pengurusan sember manusia. Peserta mempelajari tatacara penyediaan spesifikasi perolehan bahan mentah, kenalpasti pembekal berpotensi dan proses penerimaan bahan mentah dari pembekal. Peserta juga diajar teknik merancang operasi pengeluaran melibatkan sumber seperti peralatan, bahan mentah, manusia bagi memastikan operasi pengeluaran berjalan dengan baik. Selain itu, pendedahan berkaitan kawalan kualiti turut didedahkan bagi menjamin keselamatan dan kualiti pengeluaran dengan mamatuhi piawaian badan pensijilan MeSTI, Halal, GMP dan HACCP. Pengurusan penyelenggaraan mesin dan peralatan, sanitasi, kawalan perosak yang teratur turut ditekankan dalam kurikulum latihan."
IKBN-CET-001,Sijil Lanjutan Teknologi Automotif (Penyelenggaraan Jentera Berat),Sijil,Automotif,"Melatih pelajar dengan kemahiran dalam bidang Penyenggaraan Jentera berat meliputi kerja-kerja baikpulih jentera berat seperti Backhoe, Excavator, Roller Compactor dan sebagainya. Pelajar akan diajar melalui kaedah 70% amali dan 30% teori mengikut persijilan Jabatan Pembangunan Kemahiran (JPK).  Antara modul-modul yang terdapat dalam kursus ini adalah seperti Senggaraan Sistem Hidraulik / Pneumatik, Senggaraan Trek dan Bahagian Dasar, Pam Suntikan Bahan Api (FIP) dan sebagainya. Setelah tamat latihan, pelajar dapat memahami secara teori keseluruhan sistem kendalian jentera berat dan mampu membaikpulih sistem-sistem yang terdapat pada jentera-jentera berat tersebut.","Melatih pelajar dengan kemahiran dalam bidang Penyenggaraan Jentera berat meliputi kerja-kerja baikpulih jentera berat seperti Backhoe, Excavator, Roller Compactor dan sebagainya. Pelajar akan diajar melalui kaedah 70% amali dan 30% teori mengikut persijilan Jabatan Pembangunan Kemahiran (JPK).  Antara modul-modul yang terdapat dalam kursus ini adalah seperti Senggaraan Sistem Hidraulik / Pneumatik, Senggaraan Trek dan Bahagian Dasar, Pam Suntikan Bahan Api (FIP) dan sebagainya. Setelah tamat latihan, pelajar dapat memahami secara teori keseluruhan sistem kendalian jentera berat dan mampu membaikpulih sistem-sistem yang terdapat pada jentera-jentera berat tersebut."
IKBN-CET-002,Sijil Lanjutan Teknologi Automotif (Penyelenggaraan Kenderaan Perdagangan),Sijil,Automotif,"Melatih dan memberi pendedahan kepada pelajar untuk menyelenggara kenderaan perdagangan seperti lori kecil (1 hingga 5 tan), bas dan lori trailer (prime mover) dalam aspek merombak dan membaikpulih enjin diesel dan sistem penghantaran kuasa (gear box). Para pelajar juga akan mempelajari tentang sistem hydraulic & pneumatic, sistem autoelektrik, sistem kawalan serta sistem penyamanan udara kenderaan perdagangan. Di samping itu juga para pelajar akan didedahkan dengan teknologi-teknologi terkini yang terdapat pada kenderaan perdagangan pada masa kini.","Melatih dan memberi pendedahan kepada pelajar untuk menyelenggara kenderaan perdagangan seperti lori kecil (1 hingga 5 tan), bas dan lori trailer (prime mover) dalam aspek merombak dan membaikpulih enjin diesel dan sistem penghantaran kuasa (gear box). Para pelajar juga akan mempelajari tentang sistem hydraulic & pneumatic, sistem autoelektrik, sistem kawalan serta sistem penyamanan udara kenderaan perdagangan. Di samping itu juga para pelajar akan didedahkan dengan teknologi-teknologi terkini yang terdapat pada kenderaan perdagangan pada masa kini."
IKBN-CET-003,Sijil Lanjutan Teknologi Automotif (Penyelenggaraan Kereta),Sijil,Automotif,Pelajar akan didedahkan berkaitan dengan pengetahuan dan kemahiran dalam bidang Penyelenggaraan Kereta agar pelajar boleh menceburi bidang perniagaan atau pekerjaan  yang memenuhi kehendak pasaran dan mengikut standard industri. Pelajar juga akan didedahkan dengan Latihan Industri selama 3 bulan setelah belajar di Institut selama 24 bulan.,Pelajar akan didedahkan berkaitan dengan pengetahuan dan kemahiran dalam bidang Penyelenggaraan Kereta agar pelajar boleh menceburi bidang perniagaan atau pekerjaan  yang memenuhi kehendak pasaran dan mengikut standard industri. Pelajar juga akan didedahkan dengan Latihan Industri selama 3 bulan setelah belajar di Institut selama 24 bulan.
IKBN-CET-004,Sijil Lanjutan Teknologi Automotif (Penyelenggaraan Kereta/EV),Sijil,Automotif,"Kursus ini menekankan kemahiran dalam kerja-kerja servis kenderaan bermotor (automotif) termasuk sistem enjin, sistem casis, sistem transmisi dan lain-lain. Pelajar-pelajar juga akan dilengkapkan dengan kemahiran pengurusan, penyeliaan dalam industri automotif. Setelah tamat kursus pelajar mesti boleh : - 1. Menyelenggara, merumus masalah automotif dalam bidang ini. 2. Menyelenggara, membaikpulih sistem Hybrid Elektrik, sistem pacuan, sistem brek, sistem autoelektrik, sistem stereng, sistem gantungan dan sistem penyaman udara. 3. Memasang komponen-kompenan kenderaan dan memandu uji serta teknik-teknik keselamatan mengikut kehendak ordinan lalulintas.","Kursus ini menekankan kemahiran dalam kerja-kerja servis kenderaan bermotor (automotif) termasuk sistem enjin, sistem casis, sistem transmisi dan lain-lain. Pelajar-pelajar juga akan dilengkapkan dengan kemahiran pengurusan, penyeliaan dalam industri automotif. Setelah tamat kursus pelajar mesti boleh : - 1. Menyelenggara, merumus masalah automotif dalam bidang ini. 2. Menyelenggara, membaikpulih sistem Hybrid Elektrik, sistem pacuan, sistem brek, sistem autoelektrik, sistem stereng, sistem gantungan dan sistem penyaman udara. 3. Memasang komponen-kompenan kenderaan dan memandu uji serta teknik-teknik keselamatan mengikut kehendak ordinan lalulintas."
IKBN-CET-005,Sijil Lanjutan Teknologi Automotif (Vehicle Painting),Sijil,Automotif,"Melatih dan memberi Kemahiran dan Teknik yang diperlukan untuk membantu pelajar untuk belajar cara-cara pengecatan penyemburan cat alkyd dan cat 2K pada kenderaan, pemilihan cat yang sesuai, mempersiapkan permukaan yang betul dan teknik digunakan untuk mengeluarkan cat berkualiti tinggi. Di samping itu juga para pelajar akan didedahkan dengan keselamatan dan kesihatan, komunikasi dan aplikasi teknologi maklumat serta kawalan kualiti selepas kerja-kerja semburan cat dilakukan.","Melatih dan memberi Kemahiran dan Teknik yang diperlukan untuk membantu pelajar untuk belajar cara-cara pengecatan penyemburan cat alkyd dan cat 2K pada kenderaan, pemilihan cat yang sesuai, mempersiapkan permukaan yang betul dan teknik digunakan untuk mengeluarkan cat berkualiti tinggi. Di samping itu juga para pelajar akan didedahkan dengan keselamatan dan kesihatan, komunikasi dan aplikasi teknologi maklumat serta kawalan kualiti selepas kerja-kerja semburan cat dilakukan."
IKBN-CET-006,Sijil Lanjutan Teknologi Awam (Lukisan Senibina),Sijil,Sivil & Bangunan,Pelajar akan didedahkan berkaitan dengan pengetahuan dan kemahiran dalam bidang lukisan seni bina agar pelajar boleh menceburi bidang perniagaan atau pekerjaan  yang memenuhi kehendak pasaran dan mengikut standard industri. Pelajar juga akan didedahkan dengan Latihan Industri selama 3 bulan setelah belajar di Institut selama 24 bulan.,Pelajar akan didedahkan berkaitan dengan pengetahuan dan kemahiran dalam bidang lukisan seni bina agar pelajar boleh menceburi bidang perniagaan atau pekerjaan  yang memenuhi kehendak pasaran dan mengikut standard industri. Pelajar juga akan didedahkan dengan Latihan Industri selama 3 bulan setelah belajar di Institut selama 24 bulan.
IKBN-CET-007,Sijil Lanjutan Teknologi Awam (Penyelenggaraan Bangunan),Sijil,Sivil & Bangunan,"KANDUNGAN KURSUS INI MERANGKUMI PENYELENGGARAAN KEMASAN BANGUNAN, PENYELENGGARAAN SISTEM ELEKTRIKAL, PENYELENGGARAAN SISTEM PENGHAWA DINGIN, PENYELENGGARAAN SISTEM PERPAIPAN, PENYELENGGARAAN SISTEM PENCEGAH KEBAKARAN, PENYELENGGARAAN SISTEM TELE-KOMUNIKASI SERTA KONTRAK PERKHIDMATAN BANGUNAN","KANDUNGAN KURSUS INI MERANGKUMI PENYELENGGARAAN KEMASAN BANGUNAN, PENYELENGGARAAN SISTEM ELEKTRIKAL, PENYELENGGARAAN SISTEM PENGHAWA DINGIN, PENYELENGGARAAN SISTEM PERPAIPAN, PENYELENGGARAAN SISTEM PENCEGAH KEBAKARAN, PENYELENGGARAAN SISTEM TELE-KOMUNIKASI SERTA KONTRAK PERKHIDMATAN BANGUNAN"
IKBN-CET-008,Sijil Lanjutan Teknologi Elektrik (Pendawaian Elektrik Tiga Fasa - PW4),Sijil,Elektrik & Elektronik,"Kursus Elektrik menyediakan pelajar untuk kerjaya di dalam industri kejuruteraan elektrik. memberi prospek kerjaya sebagai Pendawai Elektrik Tiga Fasa di sektor awam atau industri, Juruteknik di sektor awam atau industri, tenaga pengajar di mana-mana ILKA dan ILKS atau melanjutkan pengajian dalam bidang Pendawai Elektrik kategori PW6 atau bidang Penjaga Jentera Elektrik kategori A0 atau A1.","Kursus Elektrik menyediakan pelajar untuk kerjaya di dalam industri kejuruteraan elektrik. memberi prospek kerjaya sebagai Pendawai Elektrik Tiga Fasa di sektor awam atau industri, Juruteknik di sektor awam atau industri, tenaga pengajar di mana-mana ILKA dan ILKS atau melanjutkan pengajian dalam bidang Pendawai Elektrik kategori PW6 atau bidang Penjaga Jentera Elektrik kategori A0 atau A1."
IKBN-CET-009,Sijil Lanjutan Teknologi Elektrik (Penyamanan Udara & Pemanasan Domestik),Sijil,Elektrik & Elektronik,"Kursus ini meliputi pemasangan dan penyelenggaraan satu fasa sistem penyaman udara, pengudaraan dan pemanasan(HVAC).Ia dilaksanakan selama 4 semester(21 bulan) di institut dan 1 semester(240 jam) di industri bagi latihan di industri yang berkaitan.Subjek-subjek teknikal yang akan dipelajari adalah: a) Single Phase Heating Equipment Installation; b) Single Phase Ventilation Equipment Installation; c) Single Phase Air-Conditioning Equipment Installation; d) HVAC Equipment Testing and Commissioning; e) Single Phase Heating Equipment Maintenance; f) Single Phase Ventilation Equipment Maintenance; g) Single Phase Air-Conditioning Equipment Maintenance; and h) HVAC Single Phase Installation and Maintenance Supervision.","Kursus ini meliputi pemasangan dan penyelenggaraan satu fasa sistem penyaman udara, pengudaraan dan pemanasan(HVAC).Ia dilaksanakan selama 4 semester(21 bulan) di institut dan 1 semester(240 jam) di industri bagi latihan di industri yang berkaitan.Subjek-subjek teknikal yang akan dipelajari adalah: a) Single Phase Heating Equipment Installation; b) Single Phase Ventilation Equipment Installation; c) Single Phase Air-Conditioning Equipment Installation; d) HVAC Equipment Testing and Commissioning; e) Single Phase Heating Equipment Maintenance; f) Single Phase Ventilation Equipment Maintenance; g) Single Phase Air-Conditioning Equipment Maintenance; and h) HVAC Single Phase Installation and Maintenance Supervision."
IKBN-CET-010,Sijil Lanjutan Teknologi Elektronik (Elektronik Industri),Sijil,Elektrik & Elektronik,"Kursus ini adalah untuk melengkapkan pelajar dengan pengetahuan dan kemahiran dalam merekabentuk, mengendali dan menyelenggara peralatan dan sistem elektronik perindustrian seperti peralatan ujian dan pengukuran, sistem automasi dan jaringan komputer perindustrian seperti subjek digital dan analog, mikrocontroller, sistem kawalan motor serta asas kawalan automasi, pneumatik dan hidraulik yang merupakan landasan kepada industri","Kursus ini adalah untuk melengkapkan pelajar dengan pengetahuan dan kemahiran dalam merekabentuk, mengendali dan menyelenggara peralatan dan sistem elektronik perindustrian seperti peralatan ujian dan pengukuran, sistem automasi dan jaringan komputer perindustrian seperti subjek digital dan analog, mikrocontroller, sistem kawalan motor serta asas kawalan automasi, pneumatik dan hidraulik yang merupakan landasan kepada industri"
IKBN-CET-011,Sijil Lanjutan Teknologi Fesyen Dan Pakaian (Jahitan Pakaian Wanita),Sijil,Hospitaliti & Gaya Hidup,"Program ini memberi pendedahan terhadap asas rekaan dan lakaran fesyen pakaian, pembuatan pola serta teknik menjahit pakaian wanita secara teori dan amali seiring dengan keperluan industri. Pelajar diperkenalkan dengan teknik memotong, menjahit dan menguasai mesin-mesin jahit terkini supaya mereka dapat memahami pengenalan awal kepada senario industri fesyen di negara ini. Penekanan diberikan kepada cara penggunaan peralatan jahitan dan bahan-bahan pakaian, rekaan baju serta pelbagai jenis jahitan pakaian wanita. Kursus ini mampu memberi pendedahan kemahiran yang berkualiti dan berterusan bagi memenuhi kehendak pasaran industri.","Program ini memberi pendedahan terhadap asas rekaan dan lakaran fesyen pakaian, pembuatan pola serta teknik menjahit pakaian wanita secara teori dan amali seiring dengan keperluan industri. Pelajar diperkenalkan dengan teknik memotong, menjahit dan menguasai mesin-mesin jahit terkini supaya mereka dapat memahami pengenalan awal kepada senario industri fesyen di negara ini. Penekanan diberikan kepada cara penggunaan peralatan jahitan dan bahan-bahan pakaian, rekaan baju serta pelbagai jenis jahitan pakaian wanita. Kursus ini mampu memberi pendedahan kemahiran yang berkualiti dan berterusan bagi memenuhi kehendak pasaran industri."
IKBN-CET-012,Sijil Lanjutan Teknologi Hospitaliti (Kaunter Hadapan - Front Office),Sijil,Hospitaliti & Gaya Hidup,"Bidang Kaunter Hadapan menawarkan Sijil Kemahiran Malaysia (SKM) Tahap 3 dan merangkumi 70% pembelajaran amali dan 30% pembelajaran teori. Para pelatih diberi pendedahan tentang kaedah yang digunakan dalam industri perhotelan untuk sistem reservation, proses check in dan check out di hotel, kaedah mengendalikan panggilan telefon dan memberikan perkhidmatan yang diperlukan oleh tetamu yang menginap di hotel.","Bidang Kaunter Hadapan menawarkan Sijil Kemahiran Malaysia (SKM) Tahap 3 dan merangkumi 70% pembelajaran amali dan 30% pembelajaran teori. Para pelatih diberi pendedahan tentang kaedah yang digunakan dalam industri perhotelan untuk sistem reservation, proses check in dan check out di hotel, kaedah mengendalikan panggilan telefon dan memberikan perkhidmatan yang diperlukan oleh tetamu yang menginap di hotel."
IKBN-CET-013,Sijil Lanjutan Teknologi Hospitaliti (Penyajian),Sijil,Hospitaliti & Gaya Hidup,"Mengendalikan dan mengawal selia penyajian. Pelajar akan diberikan pengetahuan dan kemahiran secara teori dan amali berdasarkan proses kerja sebenar mengikut piawaian mengenai kemahiran yang asas dalam perkhidmatan penyajian. Bidang Penyajian ini akan memberi penekanan kepada kemahiran dalam pengenalan asas peralatan dan kelengkapan dalam penyediaan susun atur dalam kepelbagaian perkhidmatan restoran dan hotel, perkhidmatan bankuet mengikut tema majlis, penyediaan dan penyajian minuman yang digunakan di restoran dan hotel. Kemahiran yang diperolehi dapat membantu pelajar dalam perkhidmatan penyajian dalam industri hospitaliti dan makanan & minuman.","Mengendalikan dan mengawal selia penyajian. Pelajar akan diberikan pengetahuan dan kemahiran secara teori dan amali berdasarkan proses kerja sebenar mengikut piawaian mengenai kemahiran yang asas dalam perkhidmatan penyajian. Bidang Penyajian ini akan memberi penekanan kepada kemahiran dalam pengenalan asas peralatan dan kelengkapan dalam penyediaan susun atur dalam kepelbagaian perkhidmatan restoran dan hotel, perkhidmatan bankuet mengikut tema majlis, penyediaan dan penyajian minuman yang digunakan di restoran dan hotel. Kemahiran yang diperolehi dapat membantu pelajar dalam perkhidmatan penyajian dalam industri hospitaliti dan makanan & minuman."
IKBN-CET-014,Sijil Lanjutan Teknologi Hospitaliti (Penyediaan Makanan),Sijil,Hospitaliti & Gaya Hidup,"Kursus Sijil Kemahiran Malaysia Penyediaan dan Pembuatan Makanan adalah kursus untuk melatih pelajar menceburkan diri dalam dunia culinari. Sekiranya pelajar mengikuti kursus ini pelajar-pelajar akan didedahkan dengan kemahiran-kemahiran berikut : 1. Kemahiran mengendalikan peralatan-peralatan dapur. 2. Kemahiran memasak hidangan melayu 3. Kemahiran memasak hidangan barat 4. Kemahiran memasak hidangan india 5. Kemahiran memasak hidangan cina 6. Kemahiran memasak dari hidangan pembuka selera [appetizer], sup [soup], hidangan utama [main course] dan hidangan pencuci mulut [desssert] 7. Kemahiran pengendalian makanan 8. Kemahiran pengurusan pentadbiran katering 9. Kemahiran pengurusan bujet dalam perniagaan makanan 10. Kemahiran pengurusan keselamatan dan kebersihan makanan.","Kursus Sijil Kemahiran Malaysia Penyediaan dan Pembuatan Makanan adalah kursus untuk melatih pelajar menceburkan diri dalam dunia culinari. Sekiranya pelajar mengikuti kursus ini pelajar-pelajar akan didedahkan dengan kemahiran-kemahiran berikut : 1. Kemahiran mengendalikan peralatan-peralatan dapur. 2. Kemahiran memasak hidangan melayu 3. Kemahiran memasak hidangan barat 4. Kemahiran memasak hidangan india 5. Kemahiran memasak hidangan cina 6. Kemahiran memasak dari hidangan pembuka selera [appetizer], sup [soup], hidangan utama [main course] dan hidangan pencuci mulut [desssert] 7. Kemahiran pengendalian makanan 8. Kemahiran pengurusan pentadbiran katering 9. Kemahiran pengurusan bujet dalam perniagaan makanan 10. Kemahiran pengurusan keselamatan dan kebersihan makanan."
IKBN-CET-015,Sijil Lanjutan Teknologi Hospitaliti (Penyediaan Pastri),Sijil,Hospitaliti & Gaya Hidup,"Kursus Penyediaan Pastri menawarkan latihan berdasarkan pengetahuan teori dan kemahiran amali. Dalam kursus ini pelajar akan diajar untuk menghasilkan pelbagai produk seperti kek, cookies, puding, konfeksioneri， kuih-muih traditional dan pelbagai jenis roti. Pelajar akan didedahkan kepada suasana kerja yang sebenar di dalam bidang pastri. Kursus ini juga memberi pendedahan asas penting pastri secara menyeluruh dan memberi pelajar peluang menceburi bidang keusahawanan. Pelajar juga dilatih menggunakan kombinasi kaedah yang dipelajari untuk menghasilkan produk baru yang menyelerakan.","Kursus Penyediaan Pastri menawarkan latihan berdasarkan pengetahuan teori dan kemahiran amali. Dalam kursus ini pelajar akan diajar untuk menghasilkan pelbagai produk seperti kek, cookies, puding, konfeksioneri， kuih-muih traditional dan pelbagai jenis roti. Pelajar akan didedahkan kepada suasana kerja yang sebenar di dalam bidang pastri. Kursus ini juga memberi pendedahan asas penting pastri secara menyeluruh dan memberi pelajar peluang menceburi bidang keusahawanan. Pelajar juga dilatih menggunakan kombinasi kaedah yang dipelajari untuk menghasilkan produk baru yang menyelerakan."
IKBN-CET-016,Sijil Lanjutan Teknologi Hospitaliti (Penyediaan Roti),Sijil,Hospitaliti & Gaya Hidup,"Kursus Sijil Kemahiran Malaysia Pembuatan Roti adalah kursus untuk melatih pelajar dengan memberi penekanan kepada kemahiran dalam menyediakan pelbagai produk roti, bakeri dan konfeksionari seperti pizza, muffin dan produk menggunakan yis melalui teknik dan kaedah moden menggunakan mesin dan peralatan berteknologi mengikut prosedur yang ditetapkan bagi menjamin hasil produk yang berkualiti, menarik dan bersih selaras dengan kehendak industri. Pelajar akan diberikan pengetahuan dan kemahiran secara teori dan amali berdasarkan proses kerja sebenar mengikut piawaian mengenai kemahiran persediaan asas sehingga ke tahap yang tinggi dalam penyediaan bakeri.","Kursus Sijil Kemahiran Malaysia Pembuatan Roti adalah kursus untuk melatih pelajar dengan memberi penekanan kepada kemahiran dalam menyediakan pelbagai produk roti, bakeri dan konfeksionari seperti pizza, muffin dan produk menggunakan yis melalui teknik dan kaedah moden menggunakan mesin dan peralatan berteknologi mengikut prosedur yang ditetapkan bagi menjamin hasil produk yang berkualiti, menarik dan bersih selaras dengan kehendak industri. Pelajar akan diberikan pengetahuan dan kemahiran secara teori dan amali berdasarkan proses kerja sebenar mengikut piawaian mengenai kemahiran persediaan asas sehingga ke tahap yang tinggi dalam penyediaan bakeri."
IKBN-CET-017,Sijil Lanjutan Teknologi Kosmetologi (Perekaan Gaya Rambut),Sijil,Hospitaliti & Gaya Hidup,"Pelajar yang mengikuti kursus ini akan diberi latihan secara teori dan amali berkaitan dengan rawatan penjagaan rambut dan kulit kepala, penggayaan, guntingan, mengerinting, serta mewarna rambut. Selain itu, beberapa modul seperti pengemasan salon, imej personal, dan pengendalian pelanggan turut diajar bagi memastikan pelajar dapat memberi perkhidmatan dengan selesa dan terurus. Di samping itu, aspek keselamatan akan diambilkira sewaktu menggunakan peralatan salon dengan berpandukan sistem pentauliahan di bawah Jabatan Pembangunan Kemahiran Malaysia.","Pelajar yang mengikuti kursus ini akan diberi latihan secara teori dan amali berkaitan dengan rawatan penjagaan rambut dan kulit kepala, penggayaan, guntingan, mengerinting, serta mewarna rambut. Selain itu, beberapa modul seperti pengemasan salon, imej personal, dan pengendalian pelanggan turut diajar bagi memastikan pelajar dapat memberi perkhidmatan dengan selesa dan terurus. Di samping itu, aspek keselamatan akan diambilkira sewaktu menggunakan peralatan salon dengan berpandukan sistem pentauliahan di bawah Jabatan Pembangunan Kemahiran Malaysia."
IKBN-CET-018,Sijil Lanjutan Teknologi Kosmetologi (Terapi Kecantikan),Sijil,Hospitaliti & Gaya Hidup,"Pelajar yang mengambil kursus ini akan dilatih serta didedahkan dengan pengetahuan dan kemahiran dalam penjagaan muka, kuku kaki dan tangan, mengendalikan pelanggan, mengendalikan mesin rawatan, pengurusan salon di samping subjek keselamatan, kebersihan diri dan salon serta cara menggunakan peralatan/perkakasan salon berpandukan sistem pentauliahan di bawah Jabatan Pembangunan Kemahiran Malaysia (JPK).","Pelajar yang mengambil kursus ini akan dilatih serta didedahkan dengan pengetahuan dan kemahiran dalam penjagaan muka, kuku kaki dan tangan, mengendalikan pelanggan, mengendalikan mesin rawatan, pengurusan salon di samping subjek keselamatan, kebersihan diri dan salon serta cara menggunakan peralatan/perkakasan salon berpandukan sistem pentauliahan di bawah Jabatan Pembangunan Kemahiran Malaysia (JPK)."
IKBN-CET-019,Sijil Lanjutan Teknologi Maklumat (Perekabentuk Multimedia Pengarangan),Sijil,ICT & Multimedia,"Bagi jurusan ini, pelajar-pelajar akan dilatih bagi menguasai Kemahiran menggunakan pelbagai perisian dan peralatan bagi kawalan dan mengedit pelbagai media seperti teks, grafik, bunyi, klip video dan animasi bagi pembangunan multimedia. Pelajar juga akan dilatih menggunakan peralatan digital seperti Kamera Video, Camcoder, Kamera Digital, DSLR dan sebagainya. Di samping itu, pelajar-pelajar juga didedahlan dengan pelbagai teknik pencahayaan dan kawalan lampu bagi menghasilkan grafik dan serta klip video yang menarik dan berkualiti. Sepanjang mengikuti kursus ini pelajar akan diberi tanggungjawab untuk mengendalikan tugasan secara individu dan berkumpulan. Penilaian terhadap kemahiran yang diperolehi oleh pelajar adalah dilaksanakan secara berterusan.","Bagi jurusan ini, pelajar-pelajar akan dilatih bagi menguasai Kemahiran menggunakan pelbagai perisian dan peralatan bagi kawalan dan mengedit pelbagai media seperti teks, grafik, bunyi, klip video dan animasi bagi pembangunan multimedia. Pelajar juga akan dilatih menggunakan peralatan digital seperti Kamera Video, Camcoder, Kamera Digital, DSLR dan sebagainya. Di samping itu, pelajar-pelajar juga didedahlan dengan pelbagai teknik pencahayaan dan kawalan lampu bagi menghasilkan grafik dan serta klip video yang menarik dan berkualiti. Sepanjang mengikuti kursus ini pelajar akan diberi tanggungjawab untuk mengendalikan tugasan secara individu dan berkumpulan. Penilaian terhadap kemahiran yang diperolehi oleh pelajar adalah dilaksanakan secara berterusan."
IKBN-CET-020,Sijil Lanjutan Teknologi Marin (Penyelenggaraan),Sijil,Aero & Marin,"Pelajar akan didedahkan dengan kursus berbentuk latihan pengetahuan dan kemahiran dalam bidang Penyelenggaraan Marin Mekanikal. Setelah tamat kursus ini, pelajar-pelajar dapat menceburi bidang pekerjaan dan keusahawanan yang mengikut kehendak pasaran serta memenuhi standard industri. Pelajar-pelajar ini juga akan didedahkan dengan Latihan Industri selama 3 bulan setelah belajar di Institut selama 24 bulan.","Pelajar akan didedahkan dengan kursus berbentuk latihan pengetahuan dan kemahiran dalam bidang Penyelenggaraan Marin Mekanikal. Setelah tamat kursus ini, pelajar-pelajar dapat menceburi bidang pekerjaan dan keusahawanan yang mengikut kehendak pasaran serta memenuhi standard industri. Pelajar-pelajar ini juga akan didedahkan dengan Latihan Industri selama 3 bulan setelah belajar di Institut selama 24 bulan."
IKBN-CET-021,Sijil Lanjutan Teknologi Mekanikal (Boilermaker),Sijil,Mekanikal & Pembuatan,"Kursus ini melibatkan fabrikasi pressure vessel dan penyelenggaraan vessel dalam bidang minyak dan gas serta industri lain yang merangkumi marking, cutting, rolling dan forming.","Kursus ini melibatkan fabrikasi pressure vessel dan penyelenggaraan vessel dalam bidang minyak dan gas serta industri lain yang merangkumi marking, cutting, rolling dan forming."
IKBN-CET-022,Sijil Lanjutan Teknologi Mekanikal (Kimpalan Arka),Sijil,Mekanikal & Pembuatan,KURSUS INI MEMBERIKAN KEMAHIRAN KEPADA PELATIH MENGHASILKAN KIMPALAN KEPINGAN LOGAM DAN PAIP SAMADA KELULI KARBON ATAU KELULI TAHAN KARAT UNTUK PELBAGAI KEDUDUKAN DENGAN MENGGUNAKAN PROSES KIMPALAN ARKA LOGAM BERPERISAI,KURSUS INI MEMBERIKAN KEMAHIRAN KEPADA PELATIH MENGHASILKAN KIMPALAN KEPINGAN LOGAM DAN PAIP SAMADA KELULI KARBON ATAU KELULI TAHAN KARAT UNTUK PELBAGAI KEDUDUKAN DENGAN MENGGUNAKAN PROSES KIMPALAN ARKA LOGAM BERPERISAI
IKBN-CET-023,Sijil Lanjutan Teknologi Mekanikal (Kimpalan),Sijil,Mekanikal & Pembuatan,"Kursus ini berkaitan proses kimpalan yang melibatkan keluli karbon, keluli tahan karat, dan aluminium. Di antara jenis kimpalan yang digunakan adalah seperti Shielded Metal Arc Welding SMAW, Gas Metal Arc Welding GMAW, Gas Tungsten Arc Welding GTAW dan Submerge Arc Welding SAW. Di dalam kursus ini pelajar akan mempelajari perkara berkaitan kawalan dan jaminan kualiti, pemeriksaan dan pengujian, penyeliaan, latihan loji dan sebagainya. Pelajar juga akan dibekalkan dengan kemahiran aplikasi perisian komputer.Latihan juga merangkumi kemahiran merancang, menyelia merekabentuk, memeriksa dan menguji kerja kimpalan bagi memenuhi keperluan jaminan mutu dan peraturan keselamatan.","Kursus ini berkaitan proses kimpalan yang melibatkan keluli karbon, keluli tahan karat, dan aluminium. Di antara jenis kimpalan yang digunakan adalah seperti Shielded Metal Arc Welding SMAW, Gas Metal Arc Welding GMAW, Gas Tungsten Arc Welding GTAW dan Submerge Arc Welding SAW. Di dalam kursus ini pelajar akan mempelajari perkara berkaitan kawalan dan jaminan kualiti, pemeriksaan dan pengujian, penyeliaan, latihan loji dan sebagainya. Pelajar juga akan dibekalkan dengan kemahiran aplikasi perisian komputer.Latihan juga merangkumi kemahiran merancang, menyelia merekabentuk, memeriksa dan menguji kerja kimpalan bagi memenuhi keperluan jaminan mutu dan peraturan keselamatan."
IKBN-CET-024,Sijil Lanjutan Teknologi Mekanikal (Mekatronik),Sijil,Mekanikal & Pembuatan,"Dalam kursus ini, pelajar akan didedahkan dengan Sistem Automasi dan Robotik, Sistem Kawalan Programmable Logic Control, Sistem Pneumatik dan Hidraulik. Selain itu, pelajar turut akan didedahkan dengan asas pemesinan, asas kimpalan, asas elektrik dan elektronik.","Dalam kursus ini, pelajar akan didedahkan dengan Sistem Automasi dan Robotik, Sistem Kawalan Programmable Logic Control, Sistem Pneumatik dan Hidraulik. Selain itu, pelajar turut akan didedahkan dengan asas pemesinan, asas kimpalan, asas elektrik dan elektronik."
IKBN-CET-025,Sijil Lanjutan Teknologi Mekanikal (Operasi Fabrikasi Paip),Sijil,Minyak & Gas,Jurusan ini melibatkan kerja-kerja membentuk dan menyambung paip dan fitting supaya pipe spool yang dikehendaki oleh pelanggan.Kerja- kerja awal adalah termasuk melakukan pengukuran daripada isometric piping drawing dan memindahkan ukuran kepada bahan logam ( bahan sebenar).,Jurusan ini melibatkan kerja-kerja membentuk dan menyambung paip dan fitting supaya pipe spool yang dikehendaki oleh pelanggan.Kerja- kerja awal adalah termasuk melakukan pengukuran daripada isometric piping drawing dan memindahkan ukuran kepada bahan logam ( bahan sebenar).
IKBN-CET-026,Sijil Lanjutan Teknologi Mekanikal (Penyelenggaraan Industri),Sijil,Mekanikal & Pembuatan,"Melatih dan memberi Kemahiran dan Teknik yang diperlukan untuk membantu pelajar untuk belajar cara-cara penyelenggara am meliputi bidang am mekanikal (gegasan, kimpalan, membentuk, pengendalian mesin), Elektrik (membaiki mesin industri), Automasi (Sistem Pneumatic, Sistem Hydraulic dan Sistem PLC). Di samping itu juga para pelajar akan didedahkan dengan keselamatan dan kesihatan, komunikasi dan aplikasi teknologi maklumat serta teknologi-teknologi terkini yang terdapat pada penyelenggaraan jentera pada masa kini.","Melatih dan memberi Kemahiran dan Teknik yang diperlukan untuk membantu pelajar untuk belajar cara-cara penyelenggara am meliputi bidang am mekanikal (gegasan, kimpalan, membentuk, pengendalian mesin), Elektrik (membaiki mesin industri), Automasi (Sistem Pneumatic, Sistem Hydraulic dan Sistem PLC). Di samping itu juga para pelajar akan didedahkan dengan keselamatan dan kesihatan, komunikasi dan aplikasi teknologi maklumat serta teknologi-teknologi terkini yang terdapat pada penyelenggaraan jentera pada masa kini."
IKBN-CET-027,Sijil Lanjutan Teknologi Mekanikal (Pesawat - Komposit),Sijil,Aero & Marin,"Trainees will be exposed to the latest technology in the aviation industry and the highly demands of composite materials usage. Trainees will learn what are the matrix materials and reinforcement materials in order to form a composite structure. Besides that, trainees will commence laminating process such as wet layup and dry layup. For both processes, the trainees will learn about two curing processes involved – Hot bonds and Cold bonds. Above all, this course will expose the trainees on the visual inspection to be carried out on the aircraft and also the procedures to commence repairs on the structure damages.","Trainees will be exposed to the latest technology in the aviation industry and the highly demands of composite materials usage. Trainees will learn what are the matrix materials and reinforcement materials in order to form a composite structure. Besides that, trainees will commence laminating process such as wet layup and dry layup. For both processes, the trainees will learn about two curing processes involved – Hot bonds and Cold bonds. Above all, this course will expose the trainees on the visual inspection to be carried out on the aircraft and also the procedures to commence repairs on the structure damages."
IKBN-CET-028,Sijil Lanjutan Teknologi Mekanikal (Pesawat - Metal),Sijil,Aero & Marin,"Trainees will be exposed on the structure repair to be carried out on the aircraft body and airframe. Trainees will learn to carry out basic sheet metal repair which involves planning, lay out, constructing, and installing articles such as deflectors, pans, straps, containers, wing patches and flaps, and other items with predominantly straight edges and regular curves.  Sheet metal will also involve some joining and fastening works such as riveting, brazing, sealant and so on. Above all, this course will expose the trainees on the visual inspection to be carried out on the aircraft and also the procedures to commence repairs on the structure damages.","Trainees will be exposed on the structure repair to be carried out on the aircraft body and airframe. Trainees will learn to carry out basic sheet metal repair which involves planning, lay out, constructing, and installing articles such as deflectors, pans, straps, containers, wing patches and flaps, and other items with predominantly straight edges and regular curves.  Sheet metal will also involve some joining and fastening works such as riveting, brazing, sealant and so on. Above all, this course will expose the trainees on the visual inspection to be carried out on the aircraft and also the procedures to commence repairs on the structure damages."
IKBN-CET-029,Sijil Lanjutan Teknologi Mekanikal (Rekabentuk Produk Industri),Sijil,Mekanikal & Pembuatan,"Kursus Rekabentuk Produk Industri melatih pelajar menjadi pereka yang kreatif dan praktikal, berfokus pada estetika dan penyelesaian masalah untuk mencipta produk industri, perabot, dan pengangkutan. Pelajar akan belajar proses reka bentuk dari idea awal hingga pelaksanaan, menggunakan kemahiran teknikal dan perisian CAD/CAM serta teknik pembuatan seperti Rapid Prototyping untuk menghasilkan model reka bentuk.","Kursus Rekabentuk Produk Industri melatih pelajar menjadi pereka yang kreatif dan praktikal, berfokus pada estetika dan penyelesaian masalah untuk mencipta produk industri, perabot, dan pengangkutan. Pelajar akan belajar proses reka bentuk dari idea awal hingga pelaksanaan, menggunakan kemahiran teknikal dan perisian CAD/CAM serta teknik pembuatan seperti Rapid Prototyping untuk menghasilkan model reka bentuk."
IKBN-CET-032,Sijil Teknologi Awam (Scaffolding - Tubular),Sijil,Sivil & Bangunan,Pelajar akan didedahkan berkaitan dengan pengetahuan dan kemahiran dalam bidang juruperancah agar pelajar boleh menceburi bidang perniagaan atau pekerjaan  yang memenuhi kehendak pasaran dan mengikut standard industri. Pelajar juga akan didedahkan dengan Latihan Industri selama 3 bulan setelah belajar di Institut selama 12 bulan.,Pelajar akan didedahkan berkaitan dengan pengetahuan dan kemahiran dalam bidang juruperancah agar pelajar boleh menceburi bidang perniagaan atau pekerjaan  yang memenuhi kehendak pasaran dan mengikut standard industri. Pelajar juga akan didedahkan dengan Latihan Industri selama 3 bulan setelah belajar di Institut selama 12 bulan.
IKBN-CET-034,Sijil Teknologi Elektrik (Pendawaian Elektrik Satu Fasa - PW2),Sijil,Elektrik & Elektronik,"SIJIL TEKNOLOGI ELEKTRIK (PENDAWAIAN ELEKTRIK SATU FASA - PW2) Kursus Elektrik menyediakan pelajar untuk kerjaya di dalam industri kejuruteraan elektrik. memberi prospek kerjaya sebagai Pendawai Elektrik Satu Fasa di sektor awam atau industri, Juruteknik di sektor awam atau industri, tenaga pengajar di mana-mana ILKA dan ILKS atau melanjutkan pengajian dalam bidang Pendawai Elektrik kategori PW4 atau bidang Penjaga Jentera Elektrik kategori A0 atau A3","SIJIL TEKNOLOGI ELEKTRIK (PENDAWAIAN ELEKTRIK SATU FASA - PW2) Kursus Elektrik menyediakan pelajar untuk kerjaya di dalam industri kejuruteraan elektrik. memberi prospek kerjaya sebagai Pendawai Elektrik Satu Fasa di sektor awam atau industri, Juruteknik di sektor awam atau industri, tenaga pengajar di mana-mana ILKA dan ILKS atau melanjutkan pengajian dalam bidang Pendawai Elektrik kategori PW4 atau bidang Penjaga Jentera Elektrik kategori A0 atau A3"
IJTM-DIP-010,Diploma Teknologi Jaminan Kualiti,Diploma,Mekanikal & Pembuatan,Program ini dirangka bagi melahirkan pelajar-pelajar yang berpengetahuan dalam bidang Teknologi Jaminan Kualiti. Silibus yang dibangunkan menepati keperluan yang dikehendaki di industri terutamanya dalam bidang mekanikal dan pembuatan. LIMA (5) teras utama telah disusun bagi melahirkan pelajar yang memenuhi kehendak industri: 1.Pemeriksaan menggunakan alat berketepatan tinggi 2.Pengujian produk memenuhi pematuhan piawaian 3.Tentukuran dan analisis pada peralatan pengukuran 4.Penetapkan standard dan keperluan pelanggan 5.Penyelesaian menggunakan peralatan kualiti yang cekap,Program ini dirangka bagi melahirkan pelajar-pelajar yang berpengetahuan dalam bidang Teknologi Jaminan Kualiti. Silibus yang dibangunkan menepati keperluan yang dikehendaki di industri terutamanya dalam bidang mekanikal dan pembuatan. LIMA (5) teras utama telah disusun bagi melahirkan pelajar yang memenuhi kehendak industri: 1.Pemeriksaan menggunakan alat berketepatan tinggi 2.Pengujian produk memenuhi pematuhan piawaian 3.Tentukuran dan analisis pada peralatan pengukuran 4.Penetapkan standard dan keperluan pelanggan 5.Penyelesaian menggunakan peralatan kualiti yang cekap
IJTM-DIP-017,Diploma Teknologi Mekatronik,Diploma,Mekanikal & Pembuatan,"Kursus Ini adalah gabungan daripada teknologi elektronik dan mekanikal dengan memberikan penekanan kepada sistem automasi dan penggunaan robot yang meluas. Objektif kursus ini adalah untuk melatih pelajar supaya boleh menggunakan pelbagai sistem seperti hidraulik dan elektrohidraulik, pneumatik dan elektropneumatik, sistem elektrik & elektronik, sistem automasi dan sistem robotik. Pelajar juga akan dilatih agar boleh mereka bentuk dan membangunkan atau mengubahsuai dan mempertingkatkan sistem atau peralatan yang digunapakai dalam industri proses dan pembuatan.","Kursus Ini adalah gabungan daripada teknologi elektronik dan mekanikal dengan memberikan penekanan kepada sistem automasi dan penggunaan robot yang meluas. Objektif kursus ini adalah untuk melatih pelajar supaya boleh menggunakan pelbagai sistem seperti hidraulik dan elektrohidraulik, pneumatik dan elektropneumatik, sistem elektrik & elektronik, sistem automasi dan sistem robotik. Pelajar juga akan dilatih agar boleh mereka bentuk dan membangunkan atau mengubahsuai dan mempertingkatkan sistem atau peralatan yang digunapakai dalam industri proses dan pembuatan."
IJTM-DIP-019,Diploma Teknologi Mikroelektronik,Diploma,Elektrik & Elektronik,Program-program yang ditawarkan adalah Diploma Kejuruteraan Mikroelektronik dan Diploma Kemahiran Malaysia (IC Packaging). Dome adalah unik dengan ciri-ciri ia tersendiri dimana ia memiliki kemudahan makmal yang dikenali sebagai cleanroom. Makmal ini adalah satu-satunya cleanroom di Malaysia di mana pelajar didedahkan dengan persekitaran cleanroom fasa diperingkat awal. Pendedahan ini memberikan kelebihan kepada pelajar DoME berbanding dengan pelajar-pelajar daripada institusi / universiti lain.,Program-program yang ditawarkan adalah Diploma Kejuruteraan Mikroelektronik dan Diploma Kemahiran Malaysia (IC Packaging). Dome adalah unik dengan ciri-ciri ia tersendiri dimana ia memiliki kemudahan makmal yang dikenali sebagai cleanroom. Makmal ini adalah satu-satunya cleanroom di Malaysia di mana pelajar didedahkan dengan persekitaran cleanroom fasa diperingkat awal. Pendedahan ini memberikan kelebihan kepada pelajar DoME berbanding dengan pelajar-pelajar daripada institusi / universiti lain.
IJTM-DIP-022,Diploma Teknologi Pembuatan (Pemesinan),Diploma,Mekanikal & Pembuatan,"Kursus ini akan memberi pendedahan, pengetahuan dan kemahiran dalam bidang Pemesinan. Kursus ini direka bentuk untuk melengkapkan pelajar dengan pengetahuan dan kemahiran dalam mereka bentuk, mengendali dan mengurus sistem dan peralatan yang digunakan dalam Teknologi Pembuatan. Ianya mengandungi kerja-kerja yang merangkumi konteks yang luas bersesuaian dengan pembangunan industri terkini. Dalam kursus ini pelajar akan mempelajari perkara berkaitan Lukisan dan Reka Bentuk Kejuruteraan, Penyelenggaraan Mesin, Penggunaan Mesin Kisar, Mesin Larik dan Mesin Canai jenis konvensional dan CNC, Penggunaan Mesin EDM Die Sinking dan Wire Cut. Selain daripada itu, pelajar juga akan mempelajari subjek penyeliaan dan pengurusan.","Kursus ini akan memberi pendedahan, pengetahuan dan kemahiran dalam bidang Pemesinan. Kursus ini direka bentuk untuk melengkapkan pelajar dengan pengetahuan dan kemahiran dalam mereka bentuk, mengendali dan mengurus sistem dan peralatan yang digunakan dalam Teknologi Pembuatan. Ianya mengandungi kerja-kerja yang merangkumi konteks yang luas bersesuaian dengan pembangunan industri terkini. Dalam kursus ini pelajar akan mempelajari perkara berkaitan Lukisan dan Reka Bentuk Kejuruteraan, Penyelenggaraan Mesin, Penggunaan Mesin Kisar, Mesin Larik dan Mesin Canai jenis konvensional dan CNC, Penggunaan Mesin EDM Die Sinking dan Wire Cut. Selain daripada itu, pelajar juga akan mempelajari subjek penyeliaan dan pengurusan."
IJTM-DIP-024,Diploma Teknologi Pengeluaran Automotif,Diploma,Automotif,Kursus ini memberi penekanan kepada pengetahuan dan kemahiran dalam kerja-kerja pembuatan dan pemasangan kenderaan automotif. Para pelajar juga dilengkapkan dengan kemahiran pengurusan pengeluaran serta penyelenggaraan automasi di industri automotif serta aktiviti lain yang berkaitan standard dan prosedur yang ditetapkan.,Kursus ini memberi penekanan kepada pengetahuan dan kemahiran dalam kerja-kerja pembuatan dan pemasangan kenderaan automotif. Para pelajar juga dilengkapkan dengan kemahiran pengurusan pengeluaran serta penyelenggaraan automasi di industri automotif serta aktiviti lain yang berkaitan standard dan prosedur yang ditetapkan.
IJTM-DIP-026,Diploma Teknologi Penyelenggaraan Kapal Terbang,Diploma,Aero & Marin,"Kursus ini memberi penekanan kepada amalan standard penyelenggaraan pada kerangka pesawat udara, sistem avionik dan enjin serta memastikan kualiti aktiviti penyelenggaran pesawat mengikut piawaian. Para pelajar akan didedahkan dengan pengetahuan dan kemahiran yang diperlukan oleh industri penerbangan khususnya Penyelenggaraan, Pembaikan dan Baik Pulih (MRO) pesawat berdasarkan CAAM Part 66 Kategory A. Pelajar juga diberi subjek tambahan lain bagi persediaan untuk kelayakan Kategori B sebagai pembangunann kerjaya mereka.","Kursus ini memberi penekanan kepada amalan standard penyelenggaraan pada kerangka pesawat udara, sistem avionik dan enjin serta memastikan kualiti aktiviti penyelenggaran pesawat mengikut piawaian. Para pelajar akan didedahkan dengan pengetahuan dan kemahiran yang diperlukan oleh industri penerbangan khususnya Penyelenggaraan, Pembaikan dan Baik Pulih (MRO) pesawat berdasarkan CAAM Part 66 Kategory A. Pelajar juga diberi subjek tambahan lain bagi persediaan untuk kelayakan Kategori B sebagai pembangunann kerjaya mereka."
IJTM-DIP-032,Diploma Teknologi Elektronik,Diploma,Elektrik & Elektronik,"Program ini direka untuk menyediakan pelajar dengan pengetahuan dan kemahiran asas yang kukuh dalam bidang elektronik dan teknik kawalan berasaskan kepada penggunaan teknologi elektronik terutama dalam bidang pengeluaran, pengukuran dan baikpulih. Di samping itu pelajar juga diharap berketrampilan untuk:
- membuat pengujian, analisa kerosakan dan baikpulih peralatan elektronik.
- membuat pelbagai pendawaian elektrik 1 fasa dan menjalankan pengujian litar.
- merekabentuk, menganalisa litar elektronik dan membina papan litar bercetak (PCB)
- mengunakan PLC, sensor dan sistem hydraulic & pneumatik untuk pengawalan sistem automasi komplek.
- membuat pengaturcaraan dan merekabentuk sistem berasaskan microprocessor dan microcontroller.
- menjalankan ujikaji menggunakan sistem pengukuran berautomatik (automatic measuring system) melalui pengaturacaraan berasaskan objek / grafik.
- menjalankan latihan amali yang melibatkan sistem telekommunikasi.","Program ini direka untuk menyediakan pelajar dengan pengetahuan dan kemahiran asas yang kukuh dalam bidang elektronik dan teknik kawalan berasaskan kepada penggunaan teknologi elektronik terutama dalam bidang pengeluaran, pengukuran dan baikpulih. Di samping itu pelajar juga diharap berketrampilan untuk:
- membuat pengujian, analisa kerosakan dan baikpulih peralatan elektronik.
- membuat pelbagai pendawaian elektrik 1 fasa dan menjalankan pengujian litar.
- merekabentuk, menganalisa litar elektronik dan membina papan litar bercetak (PCB)
- mengunakan PLC, sensor dan sistem hydraulic & pneumatik untuk pengawalan sistem automasi komplek.
- membuat pengaturcaraan dan merekabentuk sistem berasaskan microprocessor dan microcontroller.
- menjalankan ujikaji menggunakan sistem pengukuran berautomatik (automatic measuring system) melalui pengaturacaraan berasaskan objek / grafik.
- menjalankan latihan amali yang melibatkan sistem telekommunikasi."
IJTM-DIP-033,Diploma Teknologi Mekatronik,Diploma,Mekanikal & Pembuatan,"Objektif Diploma dalam Teknologi Kejuruteraan Mekatronik adalah untuk menjana graduan yang berkebolehan seperti berikut :-

Berpengetahuan dan mahir di dalam bidang Mekatronik.
Berketerampilan dalam menyelesaikan masalah dalam mengintegrasikan sistem elektronik, komputer dan mekanikal.
Berkemahiran dalam meyelenggara peralatan industri berteknologi tinggi.
Berkebolehan dalam merekabentuk sistem automasi dengan menggunakan sistem kawalan yang sesuai.","Objektif Diploma dalam Teknologi Kejuruteraan Mekatronik adalah untuk menjana graduan yang berkebolehan seperti berikut :-

Berpengetahuan dan mahir di dalam bidang Mekatronik.
Berketerampilan dalam menyelesaikan masalah dalam mengintegrasikan sistem elektronik, komputer dan mekanikal.
Berkemahiran dalam meyelenggara peralatan industri berteknologi tinggi.
Berkebolehan dalam merekabentuk sistem automasi dengan menggunakan sistem kawalan yang sesuai."
IJTM-DIP-034,Diploma Teknologi Komputer,Diploma,ICT & Multimedia,"Objektif Diploma dalam Teknologi Kejuruteraan Komputer adalah untuk menjana graduan menjadi :-
i. Berpengetahuan dan mahir di dalam bidang komputer.
ii. Mahir dalam mengendalikan komputer yang merangkumi teknik-teknik pembangunan sistem komputer dan penyelenggaraan komputer, konfigurasi pelayan serta menubuhkan rangkaian kawasan tempatan dan tanpa wayar
iii. Mahir dalam memasang, menaik taraf, membaik pulih dan menyelenggara komputer.
iv. Berpengetahuan dalam perancangan strategik, pekerja motivasi dan prestasi peningkatan.","Objektif Diploma dalam Teknologi Kejuruteraan Komputer adalah untuk menjana graduan menjadi :-
i. Berpengetahuan dan mahir di dalam bidang komputer.
ii. Mahir dalam mengendalikan komputer yang merangkumi teknik-teknik pembangunan sistem komputer dan penyelenggaraan komputer, konfigurasi pelayan serta menubuhkan rangkaian kawasan tempatan dan tanpa wayar
iii. Mahir dalam memasang, menaik taraf, membaik pulih dan menyelenggara komputer.
iv. Berpengetahuan dalam perancangan strategik, pekerja motivasi dan prestasi peningkatan."
IJTM-DIP-035,Diploma Teknologi Pembuatan (Pemesinan),Diploma,Mekanikal & Pembuatan,"Kursus ini direka untuk melengkapkan pelajar dengan pengetahuan dan kemahiran dalam aktiviti merekabentuk, pemprosesan, mengendali dan mengurus sistem dan peralatan yang digunakan dalam teknologi pembuatan. Ia terdiri daripada tugas-tugas yang merangkumi konteks sejajar dengan pembangunan industri terkini. Pelajar akan mempelajari lukisan asas dan lanjutan dan reka bentuk (CAD/CAM) yang berkaitan Kejuruteraan, menggunakan mesin konvensional dan CNC melibatkan Mesin Kisar, Mesin Larik dan Mesin Canai, EDM Die Sinking dan Wire Cut. Di samping itu, pelajar juga akan mempelajari subjek penyeliaan, pengurusan dan mata pelajaran am seperti Fizik, Aplikasi Komputer, Matematik, Bahasa Inggeris dan Pendidikan Islam. Pelajar akan menggunakan semua pengetahuan dan kemahiran yang dipelajari dalam membangunkan Projek Tahun Akhir dan menjalani Latihan Industri pada akhir semester. Pelajar juga perlu terlibat dengan aktiviti-aktiviti tambahan dan kurikulum dan sukan. Pelajar akan dilatih untuk dapat merekabentuk dan membangun atau mengubah dan meningkatkan sistem atau peralatan yang digunakan dalam proses dan industri pembuatan serta mematuhi peraturan keselamatan dan prosedur yang ditetapkan.","Kursus ini direka untuk melengkapkan pelajar dengan pengetahuan dan kemahiran dalam aktiviti merekabentuk, pemprosesan, mengendali dan mengurus sistem dan peralatan yang digunakan dalam teknologi pembuatan. Ia terdiri daripada tugas-tugas yang merangkumi konteks sejajar dengan pembangunan industri terkini. Pelajar akan mempelajari lukisan asas dan lanjutan dan reka bentuk (CAD/CAM) yang berkaitan Kejuruteraan, menggunakan mesin konvensional dan CNC melibatkan Mesin Kisar, Mesin Larik dan Mesin Canai, EDM Die Sinking dan Wire Cut. Di samping itu, pelajar juga akan mempelajari subjek penyeliaan, pengurusan dan mata pelajaran am seperti Fizik, Aplikasi Komputer, Matematik, Bahasa Inggeris dan Pendidikan Islam. Pelajar akan menggunakan semua pengetahuan dan kemahiran yang dipelajari dalam membangunkan Projek Tahun Akhir dan menjalani Latihan Industri pada akhir semester. Pelajar juga perlu terlibat dengan aktiviti-aktiviti tambahan dan kurikulum dan sukan. Pelajar akan dilatih untuk dapat merekabentuk dan membangun atau mengubah dan meningkatkan sistem atau peralatan yang digunakan dalam proses dan industri pembuatan serta mematuhi peraturan keselamatan dan prosedur yang ditetapkan."
IJTM-CET-001,Sijil Teknologi Automotif (Automasi Industri),Sijil,Automotif,"Dalam kursus ini, pelajar akan mempelajari sistem hidraulik dan elektro-hidraulik, pneumatik dan elektro-pneumatik, Programmable Logic Control (PLC), sistem automasi industri dan perkakas serta perisian komputer industri dan reka bentuk automasi.","Dalam kursus ini, pelajar akan mempelajari sistem hidraulik dan elektro-hidraulik, pneumatik dan elektro-pneumatik, Programmable Logic Control (PLC), sistem automasi industri dan perkakas serta perisian komputer industri dan reka bentuk automasi."
IJTM-CET-002,Sijil Teknologi Automotif (Pembuatan),Sijil,Automotif,"Program Sijil Teknologi Perindustrian, JTM dan Sijil Kemahiran Malaysia (SKM), JPK bagi Kursus Teknologi Pembuatan Perkakasan Die mendedahkan pelajar kepada pengetahuan dan kemahiran berkaitan bidang pembuatan acuan alat tekan (Press Die). Bidang kemahiran ini digunakan bagi menghasilkan produk berasaskan kepingan logam. Para pelajar yang mengikuti kursus ini akan mempelajari kemahiran seperti penggunaan alat pengukuran kejituan tinggi, merekabentuk acuan menggunakan perisian CADCAM, Autocad, Solidwork dan pemotongan bahan menggunakan mesin konvensional seperti mesin larik, mesin kisar dan mesin canai. Selain itu, pelajar juga turut mempelajari kemahiran mengendalikan mesin berteknologi tinggi (Computer Numerical Control Machines) seperti CNC Milling, CNC Lathe, CNC Grinding, CNC EDM Sinker dan CNC EDM Wire-cut yang banyak digunakan dalam industri pembuatan. Kemahiran penggunaan mesin konvesional dan CNC sangat penting dalam menghasilkan acuan die yang berkualiti.","Program Sijil Teknologi Perindustrian, JTM dan Sijil Kemahiran Malaysia (SKM), JPK bagi Kursus Teknologi Pembuatan Perkakasan Die mendedahkan pelajar kepada pengetahuan dan kemahiran berkaitan bidang pembuatan acuan alat tekan (Press Die). Bidang kemahiran ini digunakan bagi menghasilkan produk berasaskan kepingan logam. Para pelajar yang mengikuti kursus ini akan mempelajari kemahiran seperti penggunaan alat pengukuran kejituan tinggi, merekabentuk acuan menggunakan perisian CADCAM, Autocad, Solidwork dan pemotongan bahan menggunakan mesin konvensional seperti mesin larik, mesin kisar dan mesin canai. Selain itu, pelajar juga turut mempelajari kemahiran mengendalikan mesin berteknologi tinggi (Computer Numerical Control Machines) seperti CNC Milling, CNC Lathe, CNC Grinding, CNC EDM Sinker dan CNC EDM Wire-cut yang banyak digunakan dalam industri pembuatan. Kemahiran penggunaan mesin konvesional dan CNC sangat penting dalam menghasilkan acuan die yang berkualiti."
IJTM-CET-003,Sijil Teknologi Automotif (Servis dan Penyelenggaraan),Sijil,Automotif,"Kursus Automotif adalah kursus yang melibatkan kerja-kerja latihan menyelenggara, merombakrawat dan membaikpulih kenderaan dimana ianya melibatkan beberapa sistem seperti sistem enjin, sistem autoelektrik, sistem penghantaran, sistem brek, sistem penyamanan udara kereta, sistem gantungan dan sistem stering. Pelajar yang mengikuti kursus ini akan didedahkan dengan pembelajaran teori dan praktikal yang memenuhi kehendak persijilan Sijil Kemahiran Malaysia Tahap 3 oleh Jabatan Pembangunan Kemahiran (JPK)","Kursus Automotif adalah kursus yang melibatkan kerja-kerja latihan menyelenggara, merombakrawat dan membaikpulih kenderaan dimana ianya melibatkan beberapa sistem seperti sistem enjin, sistem autoelektrik, sistem penghantaran, sistem brek, sistem penyamanan udara kereta, sistem gantungan dan sistem stering. Pelajar yang mengikuti kursus ini akan didedahkan dengan pembelajaran teori dan praktikal yang memenuhi kehendak persijilan Sijil Kemahiran Malaysia Tahap 3 oleh Jabatan Pembangunan Kemahiran (JPK)"
IJTM-CET-004,Sijil Teknologi Automotif Servis,Sijil,Automotif,"Kursus Automotif adalah kursus yang melibatkan kerja-kerja latihan menyelenggara, merombakrawat dan membaikpulih kenderaan dimana ianya melibatkan beberapa sistem seperti sistem enjin, sistem autoelektrik, sistem penghantaran, sistem brek, sistem penyamanan udara kereta, sistem gantungan dan sistem stering. Pelajar yang mengikuti kursus ini akan didedahkan dengan pembelajaran teori dan praktikal yang memenuhi kehendak persijilan Sijil Kemahiran Malaysia Tahap 3 oleh Jabatan Pembangunan Kemahiran (JPK) dan Sijil Teknologi Jabatan Tenaga Manusia (JTM).","Kursus Automotif adalah kursus yang melibatkan kerja-kerja latihan menyelenggara, merombakrawat dan membaikpulih kenderaan dimana ianya melibatkan beberapa sistem seperti sistem enjin, sistem autoelektrik, sistem penghantaran, sistem brek, sistem penyamanan udara kereta, sistem gantungan dan sistem stering. Pelajar yang mengikuti kursus ini akan didedahkan dengan pembelajaran teori dan praktikal yang memenuhi kehendak persijilan Sijil Kemahiran Malaysia Tahap 3 oleh Jabatan Pembangunan Kemahiran (JPK) dan Sijil Teknologi Jabatan Tenaga Manusia (JTM)."
IJTM-CET-005,Sijil Teknologi Binaan (Sivil dan Struktur),Sijil,Sivil & Bangunan,"Dalam kursus ini, pelajar akan dibekalkan dengan pengetahuan dan kemahiran secara teori dan amali dalam bidang sivil dan stuktur. Pelajar juga dipersiapkan untuk menjalankan aktiviti-aktiviti pengurusan, penyeliaan dan kepimpinan. Membuat perancangan serta menghasilkan program kerja sivil dan struktur termasuk kerja-kerja penyeliaan tapak. Pelajar diajar untuk menjalankan kerja-kerja kawalan kualiti meliputi ujian makmal dan ujian di tapak, menyelia kerja-kerja penyelenggaraan binaan struktur dan infrastruktur dan melaksanakan latihan dalam pembinaan substruktur dan superstruktur,kerja-kerja pembinaan infrastruktur meliputi jalan raya, saliran, sistem bekalan air, dan sistem kumbahan dengan mengaplikasikan teknologi semasa dalam binaan.","Dalam kursus ini, pelajar akan dibekalkan dengan pengetahuan dan kemahiran secara teori dan amali dalam bidang sivil dan stuktur. Pelajar juga dipersiapkan untuk menjalankan aktiviti-aktiviti pengurusan, penyeliaan dan kepimpinan. Membuat perancangan serta menghasilkan program kerja sivil dan struktur termasuk kerja-kerja penyeliaan tapak. Pelajar diajar untuk menjalankan kerja-kerja kawalan kualiti meliputi ujian makmal dan ujian di tapak, menyelia kerja-kerja penyelenggaraan binaan struktur dan infrastruktur dan melaksanakan latihan dalam pembinaan substruktur dan superstruktur,kerja-kerja pembinaan infrastruktur meliputi jalan raya, saliran, sistem bekalan air, dan sistem kumbahan dengan mengaplikasikan teknologi semasa dalam binaan."
IJTM-CET-006,Sijil Teknologi Binaan Paip dan Sanitari,Sijil,Sivil & Bangunan,"Dalam kursus ini, pelajar akan diajar membentuk, memasang dan menyelenggara sistem pemasangan paip domestik, membaca dan mentafsir blue print, penggunaan alatan tangan dan mesin, Penyambung pelbagai jenis paip dosmetik dan industri dan pengujian serta pembaikan sistem Perpaipan Domestik dan Industri.","Dalam kursus ini, pelajar akan diajar membentuk, memasang dan menyelenggara sistem pemasangan paip domestik, membaca dan mentafsir blue print, penggunaan alatan tangan dan mesin, Penyambung pelbagai jenis paip dosmetik dan industri dan pengujian serta pembaikan sistem Perpaipan Domestik dan Industri."
IJTM-CET-007,Sijil Teknologi CADD Mekanikal Pembuatan,Sijil,Mekanikal & Pembuatan,"Kursus ini akan memberi pendedahan, pengetahuan dan kemahiran dalam bidang CADD Mekanikal. Dalam kursus ini, pelajar akan diajar mengenai kaedah membuat lukisan kejuruteraan mekanikal secara manual dan berkomputer (CAD).","Kursus ini akan memberi pendedahan, pengetahuan dan kemahiran dalam bidang CADD Mekanikal. Dalam kursus ini, pelajar akan diajar mengenai kaedah membuat lukisan kejuruteraan mekanikal secara manual dan berkomputer (CAD)."
IJTM-CET-008,Sijil Teknologi CADD-Senibina,Sijil,Sivil & Bangunan,"Dalam kursus ini pelajar akan diajar merangka lukisan unjuran, keratan, perspektif, lukisan perincian, geometri dan lukisan kerja dan ukur bagunan. Pelajar juga akan mempelajari cara mereka bentuk bangunan, kerja-kerja ukur tanah, penentu bayang, teknik mewarna, lukisan persembahan dan undang-undang pembinaan.","Dalam kursus ini pelajar akan diajar merangka lukisan unjuran, keratan, perspektif, lukisan perincian, geometri dan lukisan kerja dan ukur bagunan. Pelajar juga akan mempelajari cara mereka bentuk bangunan, kerja-kerja ukur tanah, penentu bayang, teknik mewarna, lukisan persembahan dan undang-undang pembinaan."
IJTM-CET-009,Sijil Teknologi Elektrik Pendawaian Tiga Fasa,Sijil,Elektrik & Elektronik,"Dalam kursus ini pelajar akan diajar mengenai kaedahkaedah mendawai, memasang, mengendali dan menguji pendawaian satu dan tiga fasa (domestik dan industri). Mencari, mengesan dan membaikpulih kerosakan litar elektrik serta mengawal, menyelenggara alat janakuasa, motor dan peralatan elektrik industri mengikut piawaian Suruhanjaya Tenaga (ST).","Dalam kursus ini pelajar akan diajar mengenai kaedahkaedah mendawai, memasang, mengendali dan menguji pendawaian satu dan tiga fasa (domestik dan industri). Mencari, mengesan dan membaikpulih kerosakan litar elektrik serta mengawal, menyelenggara alat janakuasa, motor dan peralatan elektrik industri mengikut piawaian Suruhanjaya Tenaga (ST)."
IJTM-CET-010,Sijil Teknologi Elektronik Industri,Sijil,Elektrik & Elektronik,"Kaedah latihan/ kursus peringkat sijil adalah berteraskan kemahiran secara teori dan amali. Dalam kursus ini, pelajar akan diajar berkaitan asas elektronik, sistem analog dan digital, programmable logic controller (PLC), mikro pemproses dan penghasilan projek elektronik.","Kaedah latihan/ kursus peringkat sijil adalah berteraskan kemahiran secara teori dan amali. Dalam kursus ini, pelajar akan diajar berkaitan asas elektronik, sistem analog dan digital, programmable logic controller (PLC), mikro pemproses dan penghasilan projek elektronik."
IJTM-CET-011,Sijil Teknologi Fabrikasi Struktur Logam (Minyak Dan Gas),Sijil,Minyak & Gas,"Kursus ini akan memberi pendedahan, pengetahuan dan kemahiran dalam bidang fabrikasi. Dalam kursus ini pelajar akan dilatih dan diajar membuat, mereka bentuk, memasang dan membaiki struktur logam dengan cara mengimpal, merivet, bolt & nut, memotong, melipat, menggulung dan lain-lain cara mengikut piawaian industri masa kini.","Kursus ini akan memberi pendedahan, pengetahuan dan kemahiran dalam bidang fabrikasi. Dalam kursus ini pelajar akan dilatih dan diajar membuat, mereka bentuk, memasang dan membaiki struktur logam dengan cara mengimpal, merivet, bolt & nut, memotong, melipat, menggulung dan lain-lain cara mengikut piawaian industri masa kini."
IJTM-CET-012,Sijil Teknologi Fabrikasi Struktur Logam Minyak dan Gas,Sijil,Minyak & Gas,"Kursus ini akan memberi pendedahan, pengetahuan dan kemahiran dalam bidang fabrikasi. Dalam kursus ini pelajar akan dilatih dan diajar membuat, mereka bentuk, memasang dan membaiki struktur logam dengan cara mengimpal, merivet, bolt & nut, memotong, melipat, menggulung dan lain-lain cara mengikut piawaian industri masa kini.","Kursus ini akan memberi pendedahan, pengetahuan dan kemahiran dalam bidang fabrikasi. Dalam kursus ini pelajar akan dilatih dan diajar membuat, mereka bentuk, memasang dan membaiki struktur logam dengan cara mengimpal, merivet, bolt & nut, memotong, melipat, menggulung dan lain-lain cara mengikut piawaian industri masa kini."
IJTM-CET-013,Sijil Teknologi Instrumen Perindustrian,Sijil,Elektrik & Elektronik,"Dalam kursus ini, pelajar akan diajar mengawal dan menganalisa parameter proses seperti aliran, paras, suhu dan tekanan dengan menggunakan sistem elektronik, pneumatic dan hidraulik. Menyelenggara sistem kawalan supaya proses sentiasa stabil.","Dalam kursus ini, pelajar akan diajar mengawal dan menganalisa parameter proses seperti aliran, paras, suhu dan tekanan dengan menggunakan sistem elektronik, pneumatic dan hidraulik. Menyelenggara sistem kawalan supaya proses sentiasa stabil."
IJTM-CET-014,Sijil Teknologi Kenderaan Perdagangan Berat,Sijil,Automotif,"Pelajar kursus ini akan dilengkapkan dengan pengetahuan dan kemahiran mengenai Kenderaan Perdagangan Berat yang menitikberatkan langkah-langkah keselamatan, teknikal dan aspek-aspek lain berkenaan Heavy Commercial melalui pendekatan amali yang semestinya lebih berkesan dan mudah dipelajari. Pelajar akan diajar merawat, memasang dan membaiki komponen-komponen kenderaan perdagangan berat seperti bas, lori dan treler. Pembelajaran juga turut meliputi pendedahan kepada sistem brek, sistem gantungan, sistem stering, sistem hidraulik dan lain-lain. Pertumbuhan pesat industri pengangkutan memerlukan ramai juruteknik yang boleh merawat dan membaikpulih kenderaan perdagangan berat.","Pelajar kursus ini akan dilengkapkan dengan pengetahuan dan kemahiran mengenai Kenderaan Perdagangan Berat yang menitikberatkan langkah-langkah keselamatan, teknikal dan aspek-aspek lain berkenaan Heavy Commercial melalui pendekatan amali yang semestinya lebih berkesan dan mudah dipelajari. Pelajar akan diajar merawat, memasang dan membaiki komponen-komponen kenderaan perdagangan berat seperti bas, lori dan treler. Pembelajaran juga turut meliputi pendedahan kepada sistem brek, sistem gantungan, sistem stering, sistem hidraulik dan lain-lain. Pertumbuhan pesat industri pengangkutan memerlukan ramai juruteknik yang boleh merawat dan membaikpulih kenderaan perdagangan berat."
IJTM-CET-015,Sijil Teknologi Kimpalan,Sijil,Mekanikal & Pembuatan,"Kursus ini sememangnya memberikan prospek perkerjaan yang meluas dalam sektor industri kepada pelajar. Melalui kursus ini, pelajar akan didedahkan kepada pengetahuan teori dan amali dalam kerja-kerja dalam proses kimpalan yang melibatkan memotong dan mengimpal logam, keluli karbon (carbon steel), keluli tahan karat (stainless steel), aluminium dan sebagainya. Di antara jenis kimpalan yang digunakan adalah seperti Shielded Metal Arc Welding (SMAW), Gas Metal Arc Welding (GMAW), Gas Tungsten Arc Welding (GTAW), Submerge Arc Welding (SAW) dan sebagainya.Di dalam kursus ini pelajar akan mempelajari perkara berkaitan kawalan dan jaminan kualiti, pemeriksaan dan pengujian, penyeliaan, latihan loji dan sebagainya.","Kursus ini sememangnya memberikan prospek perkerjaan yang meluas dalam sektor industri kepada pelajar. Melalui kursus ini, pelajar akan didedahkan kepada pengetahuan teori dan amali dalam kerja-kerja dalam proses kimpalan yang melibatkan memotong dan mengimpal logam, keluli karbon (carbon steel), keluli tahan karat (stainless steel), aluminium dan sebagainya. Di antara jenis kimpalan yang digunakan adalah seperti Shielded Metal Arc Welding (SMAW), Gas Metal Arc Welding (GMAW), Gas Tungsten Arc Welding (GTAW), Submerge Arc Welding (SAW) dan sebagainya.Di dalam kursus ini pelajar akan mempelajari perkara berkaitan kawalan dan jaminan kualiti, pemeriksaan dan pengujian, penyeliaan, latihan loji dan sebagainya."
IJTM-CET-016,Sijil Teknologi Komputer (Sistem),Sijil,ICT & Multimedia,"Di dalam kursus ini, pelajar diajar cara instalasi perisian seperti  Windows mahupun LINUX serta penyelenggaraan komputer, baik pulih komputer, pemasangan sistem rangkaian komputer, pembangunan laman web dan pemasangan perisian sistem untuk pelayan(server). Pelajar juga akan diajar memasang sendiri semua peralatan seperti Mother Board, Hard Disk, RAM & lain-lain menjadi sebuah komputer yang lengkap.","Di dalam kursus ini, pelajar diajar cara instalasi perisian seperti  Windows mahupun LINUX serta penyelenggaraan komputer, baik pulih komputer, pemasangan sistem rangkaian komputer, pembangunan laman web dan pemasangan perisian sistem untuk pelayan(server). Pelajar juga akan diajar memasang sendiri semua peralatan seperti Mother Board, Hard Disk, RAM & lain-lain menjadi sebuah komputer yang lengkap."
IJTM-CET-017,Sijil Teknologi Komputer Rangkaian,Sijil,ICT & Multimedia,"Kursus ini memberi penumpuan mengenai Teknologi Komputer Rangkaian pada masa kini bagi memenuhi keperluan pekerjaan sektor industri yang mempunyai daya saing yang tinggi dipasaran pekerjaan. Program ini diwujudkan untuk memperkenalkan pelajar kepada teori dan amali mengenai konsep rangkaian, rekabentuk, implementasi dan penyelenggaraan rangkaian komputer. Para pelajar juga akan mempelajari mengenai pengetahuan kemahiran di dalam Konfigurasi dan Penyelenggaraan Server, Konfigurasi Router, Pengurusan Rangkaian, Pengurusan Penyelenggaraan Rangkaian dan Penggunaan Teknologi LAN dan WAN dalam rangkaian.","Kursus ini memberi penumpuan mengenai Teknologi Komputer Rangkaian pada masa kini bagi memenuhi keperluan pekerjaan sektor industri yang mempunyai daya saing yang tinggi dipasaran pekerjaan. Program ini diwujudkan untuk memperkenalkan pelajar kepada teori dan amali mengenai konsep rangkaian, rekabentuk, implementasi dan penyelenggaraan rangkaian komputer. Para pelajar juga akan mempelajari mengenai pengetahuan kemahiran di dalam Konfigurasi dan Penyelenggaraan Server, Konfigurasi Router, Pengurusan Rangkaian, Pengurusan Penyelenggaraan Rangkaian dan Penggunaan Teknologi LAN dan WAN dalam rangkaian."
IJTM-CET-018,Sijil Teknologi Komputer(Sistem),Sijil,ICT & Multimedia,"Mengenal perkakasan dan juga perisian komputer, practikal cara pemasangan, penyelenggaraan komputer serta membaik pulih sistem komputer","Mengenal perkakasan dan juga perisian komputer, practikal cara pemasangan, penyelenggaraan komputer serta membaik pulih sistem komputer"
IJTM-CET-019,Sijil Teknologi Mekatronik,Sijil,Mekanikal & Pembuatan,"Kursus Ini adalah gabungan daripada teknologi elektronik dan mekanikal dengan memberikan penekanan kepada sistem automasi dan penggunaan robot yang meluas. objektif kursus ini adalah untuk melatih pelajar supaya boleh menggunakan pelbagai sistem seperti hidraulik dan elektro-hidraulik, pneumatik dan elektropneumatik, sistem elektrik & elektronik, sistem automasi dan sistem robotik. Pelajar juga akan dilatih agar boleh merekabentuk dan membangunkan atau mengubahsuai dan mempertingkatkan sistem atau peralatan yang digunapakai dalam industri proses dan pembuatan.","Kursus Ini adalah gabungan daripada teknologi elektronik dan mekanikal dengan memberikan penekanan kepada sistem automasi dan penggunaan robot yang meluas. objektif kursus ini adalah untuk melatih pelajar supaya boleh menggunakan pelbagai sistem seperti hidraulik dan elektro-hidraulik, pneumatik dan elektropneumatik, sistem elektrik & elektronik, sistem automasi dan sistem robotik. Pelajar juga akan dilatih agar boleh merekabentuk dan membangunkan atau mengubahsuai dan mempertingkatkan sistem atau peralatan yang digunapakai dalam industri proses dan pembuatan."
IJTM-CET-020,Sijil Teknologi Minyak dan Gas (Lukisan Perpaipan),Sijil,Minyak & Gas,"Kursus ini akan memberi pendedahan, pengetahuan dan kemahiran dalam bidang Minyak & Gas (Lukisan Perpaipan). Semua modul yang terkandung di dalam latihan ini akan dinilai berasaskan keterampilan bagi memastikan setiap pelajar berkebolehan dan berkeupayaan melaksanakan modul-modul berkenaan mengikut tahap kemahiran yang dipelajari.","Kursus ini akan memberi pendedahan, pengetahuan dan kemahiran dalam bidang Minyak & Gas (Lukisan Perpaipan). Semua modul yang terkandung di dalam latihan ini akan dinilai berasaskan keterampilan bagi memastikan setiap pelajar berkebolehan dan berkeupayaan melaksanakan modul-modul berkenaan mengikut tahap kemahiran yang dipelajari."
IJTM-CET-021,Sijil Teknologi Minyak dan Gas (Mekanikal - Plant Downstream),Sijil,Minyak & Gas,"Sektor hiliran adalah istilah yang biasa digunakan untuk merujuk kepada penapisan minyak mentah, penjualan dan pengedaran gas asli dan produk yang berasal dari minyak mentah, dan petrokimia. Produk yang dihasilkan oleh sektor hiliran termasuk gas petroleum cecair (LPG), petrol atau petrol, bahan api jet, minyak diesel, minyak bahan api lain, asfalt, kok minyak petroleum, dan pelbagai gas dan bahan kimia. Pelajar akan dilatih bagaimana membuat penyelenggaraan ke atas peralatan-peralatan di dalam loji ini.","Sektor hiliran adalah istilah yang biasa digunakan untuk merujuk kepada penapisan minyak mentah, penjualan dan pengedaran gas asli dan produk yang berasal dari minyak mentah, dan petrokimia. Produk yang dihasilkan oleh sektor hiliran termasuk gas petroleum cecair (LPG), petrol atau petrol, bahan api jet, minyak diesel, minyak bahan api lain, asfalt, kok minyak petroleum, dan pelbagai gas dan bahan kimia. Pelajar akan dilatih bagaimana membuat penyelenggaraan ke atas peralatan-peralatan di dalam loji ini."
IJTM-CET-022,Sijil Teknologi Minyak dan Gas (Mekanikal Plant Downstream),Sijil,Minyak & Gas,"Program Sijil Teknologi Minyak dan Gas (Mekanikal Loji-Downstream) (A18) adalah merupakan program pensijilan minyak dan gas yang mapan dan diiktiraf secara meluas, memberi peluang kepada pelajar dalam mengembangkan pengetahuan dan kemahiran serta kemajuan dalam kerjaya. Kursus ini dirancang untuk mengintegrasikan konsep pembelajaran berdasarkan kompetensi dimana para pelajar diberi pendedahan berkenaan penyelenggaraan peralatan minyak dan gas, servis, kerja-kerja rigging dan slinging, melukis paip, dan juga pengurusan organisasi. Kursus ini mendedahkan para pelajar untuk melaksanakan tugas berdasarkan persekitaran kerja sebenar. KursusTeknologi Minyak dan Gas (Mekanikal Loji-Downstream) menggabungkan elemen-elemen penting dengan aspek teori dan amali dalam penyelenggaraan kilang, termasuk latihan langsung menggunakan pendekatan kerja berpasukan yang dipraktikkan dalam industri minyak dan gas.","Program Sijil Teknologi Minyak dan Gas (Mekanikal Loji-Downstream) (A18) adalah merupakan program pensijilan minyak dan gas yang mapan dan diiktiraf secara meluas, memberi peluang kepada pelajar dalam mengembangkan pengetahuan dan kemahiran serta kemajuan dalam kerjaya. Kursus ini dirancang untuk mengintegrasikan konsep pembelajaran berdasarkan kompetensi dimana para pelajar diberi pendedahan berkenaan penyelenggaraan peralatan minyak dan gas, servis, kerja-kerja rigging dan slinging, melukis paip, dan juga pengurusan organisasi. Kursus ini mendedahkan para pelajar untuk melaksanakan tugas berdasarkan persekitaran kerja sebenar. KursusTeknologi Minyak dan Gas (Mekanikal Loji-Downstream) menggabungkan elemen-elemen penting dengan aspek teori dan amali dalam penyelenggaraan kilang, termasuk latihan langsung menggunakan pendekatan kerja berpasukan yang dipraktikkan dalam industri minyak dan gas."
IJTM-CET-023,Sijil Teknologi Multimedia Interaktif,Sijil,ICT & Multimedia,"Kursus ini secara amnya menyediakan pelajar dengan pengetahuan dan kemahiran dalam menyediakan kepelbagaian media seperti teks, grafik, animasi, video dan audio. Penggunaan perisian penyuntingan seperti Adobe Illustrator, Photoshop, Premiere Pro dan lain-lain didedahkan kepada pelajar agar seiring dengan keperluan industri. Mereka juga mempelajari mengintegrasikan elemen multimedia ini menggunakan perisian pengarangan seperti Adobe Animate dan menghasilkan produk multimedia yang pelbagai dari fasa awal produksi sehingga fasa penerbitan multimedia. Antara produk multimedia yang dihasilkan ialah rekabentuk pengiklanan seperti poster dan baner, pelbagai jenis video seperti video iklan, video animasi dan korporat, aplikasi interaktif multimedia bagi telefon pintar dan dekstop, courseware dan lama web.","Kursus ini secara amnya menyediakan pelajar dengan pengetahuan dan kemahiran dalam menyediakan kepelbagaian media seperti teks, grafik, animasi, video dan audio. Penggunaan perisian penyuntingan seperti Adobe Illustrator, Photoshop, Premiere Pro dan lain-lain didedahkan kepada pelajar agar seiring dengan keperluan industri. Mereka juga mempelajari mengintegrasikan elemen multimedia ini menggunakan perisian pengarangan seperti Adobe Animate dan menghasilkan produk multimedia yang pelbagai dari fasa awal produksi sehingga fasa penerbitan multimedia. Antara produk multimedia yang dihasilkan ialah rekabentuk pengiklanan seperti poster dan baner, pelbagai jenis video seperti video iklan, video animasi dan korporat, aplikasi interaktif multimedia bagi telefon pintar dan dekstop, courseware dan lama web."
IJTM-CET-024,Sijil Teknologi Pemasangan Paip Minyak dan Gas,Sijil,Minyak & Gas,"Kursus ini akan memberi pendedahan, pengetahuan dan kemahiran dalam bidang paip dan gas. Dalam kursus ini pelajar akan diajar membentuk, memasang dan menyelenggara sistem pemasangan paip minyak & gas, membaca dan mentafsir blue print, penggunaan alat pemotong tangan dan mesin, menyambung paip minyak & gas, menyelenggara sistem paip minyak & gas dan pengujian serta pembaikan kebocoran paip gas.","Kursus ini akan memberi pendedahan, pengetahuan dan kemahiran dalam bidang paip dan gas. Dalam kursus ini pelajar akan diajar membentuk, memasang dan menyelenggara sistem pemasangan paip minyak & gas, membaca dan mentafsir blue print, penggunaan alat pemotong tangan dan mesin, menyambung paip minyak & gas, menyelenggara sistem paip minyak & gas dan pengujian serta pembaikan kebocoran paip gas."
IJTM-CET-025,Sijil Teknologi Pembuatan (Pemesinan),Sijil,Mekanikal & Pembuatan,"Kursus ini akan memberi pendedahan, pengetahuan dan  kemahiran dalam bidang pemesinan. Pelajar akan diajar membuat pelbagai alatan mekanikal atau alat ganti dengan menggunakan mesin kisar, canai dan larik, membaca serta memahami lukisan teknik, sesuai untuk sesuatu benda kerja yang akan dihasilkan.","Kursus ini akan memberi pendedahan, pengetahuan dan  kemahiran dalam bidang pemesinan. Pelajar akan diajar membuat pelbagai alatan mekanikal atau alat ganti dengan menggunakan mesin kisar, canai dan larik, membaca serta memahami lukisan teknik, sesuai untuk sesuatu benda kerja yang akan dihasilkan."
IJTM-CET-026,Sijil Teknologi Pembuatan (Perkakasan Dai),Sijil,Mekanikal & Pembuatan,"Program Sijil Teknologi Perindustrian, JTM dan Sijil Kemahiran Malaysia (SKM), JPK bagi Kursus Teknologi Pembuatan Perkakasan Die mendedahkan pelajar kepada pengetahuan dan kemahiran berkaitan bidang pembuatan acuan alat tekan (Press Die). Bidang kemahiran ini digunakan bagi menghasilkan produk berasaskan kepingan logam. Para pelajar yang mengikuti kursus ini akan mempelajari kemahiran seperti penggunaan alat pengukuran kejituan tinggi, merekabentuk acuan menggunakan perisian CADCAM, Autocad, Solidwork dan pemotongan bahan menggunakan mesin konvensional seperti mesin larik, mesin kisar dan mesin canai. Selain itu, pelajar juga turut mempelajari kemahiran mengendalikan mesin berteknologi tinggi (Computer Numerical Control Machines) seperti CNC Milling, CNC Lathe, CNC Grinding, CNC EDM Sinker dan CNC EDM Wire-cut yang banyak digunakan dalam industri pembuatan. Kemahiran penggunaan mesin konvesional dan CNC sangat penting dalam menghasilkan acuan die yang berkualiti. Para pelajar lepasan kursus ini boleh menceburi banyak bidang pekerjaan di industri termasuk syarikat-syarikat pembuatan industri berat seperti penerbangan, perkapalan dan automotif.","Program Sijil Teknologi Perindustrian, JTM dan Sijil Kemahiran Malaysia (SKM), JPK bagi Kursus Teknologi Pembuatan Perkakasan Die mendedahkan pelajar kepada pengetahuan dan kemahiran berkaitan bidang pembuatan acuan alat tekan (Press Die). Bidang kemahiran ini digunakan bagi menghasilkan produk berasaskan kepingan logam. Para pelajar yang mengikuti kursus ini akan mempelajari kemahiran seperti penggunaan alat pengukuran kejituan tinggi, merekabentuk acuan menggunakan perisian CADCAM, Autocad, Solidwork dan pemotongan bahan menggunakan mesin konvensional seperti mesin larik, mesin kisar dan mesin canai. Selain itu, pelajar juga turut mempelajari kemahiran mengendalikan mesin berteknologi tinggi (Computer Numerical Control Machines) seperti CNC Milling, CNC Lathe, CNC Grinding, CNC EDM Sinker dan CNC EDM Wire-cut yang banyak digunakan dalam industri pembuatan. Kemahiran penggunaan mesin konvesional dan CNC sangat penting dalam menghasilkan acuan die yang berkualiti. Para pelajar lepasan kursus ini boleh menceburi banyak bidang pekerjaan di industri termasuk syarikat-syarikat pembuatan industri berat seperti penerbangan, perkapalan dan automotif."
IJTM-CET-027,Sijil Teknologi Pembuatan (Perkakasan Die),Sijil,Mekanikal & Pembuatan,"Kursus ini akan memberi pendedahan, pengetahuan dan kemahiran dalam bidang Perkakasan-Die. Dalam kursus ini pelajar akan diajar mereka bentuk alat dan acuan menggunakan CAD dan mesin CNC untuk membuat alat dan acuan. Menggunakan mesin kuasa pemampat dan alat pengukuran bagi menguji acuan dan alat yang dihasilkan, membina dan membaiki acuan logam, jig dan lekapan. Pendedahan kepada metrologi dan proses rawatan haba","Kursus ini akan memberi pendedahan, pengetahuan dan kemahiran dalam bidang Perkakasan-Die. Dalam kursus ini pelajar akan diajar mereka bentuk alat dan acuan menggunakan CAD dan mesin CNC untuk membuat alat dan acuan. Menggunakan mesin kuasa pemampat dan alat pengukuran bagi menguji acuan dan alat yang dihasilkan, membina dan membaiki acuan logam, jig dan lekapan. Pendedahan kepada metrologi dan proses rawatan haba"
IJTM-CET-028,Sijil Teknologi Pembuatan (Perkakasan Mould),Sijil,Mekanikal & Pembuatan,"Kursus ini akan memberi pendedahan, pengetahuan dan kemahiran dalam bidang  Plastic Mould. Kursus ini memberi penumpuan mengenai penghasilan produk plastik melalui proses pengacuan suntikan (injection moulding), sifat dan ciri-ciri plastik (polimer) bagi proses pengacuan, penyemperitan, pemampatan pembentuk vacuum dan beberapa proses sokongan dalam menghasilkan produk berasaskan bahan plastik. Para pelatih juga akan mempelajari cara penyediaan bahan, alatan, acuan serta mengenali jenis-jenis mesin pengacuan suntikan bagi penghasilan produk.","Kursus ini akan memberi pendedahan, pengetahuan dan kemahiran dalam bidang  Plastic Mould. Kursus ini memberi penumpuan mengenai penghasilan produk plastik melalui proses pengacuan suntikan (injection moulding), sifat dan ciri-ciri plastik (polimer) bagi proses pengacuan, penyemperitan, pemampatan pembentuk vacuum dan beberapa proses sokongan dalam menghasilkan produk berasaskan bahan plastik. Para pelatih juga akan mempelajari cara penyediaan bahan, alatan, acuan serta mengenali jenis-jenis mesin pengacuan suntikan bagi penghasilan produk."
IJTM-CET-029,Sijil Teknologi Pembuatan Pemesinan,Sijil,Mekanikal & Pembuatan,"Di Bahagian Teknologi Pembuatan (Pemesinan), pelajar akan mempelajari kaedah membuat pelbagai alat atau alat ganti dengan menggunakan mesin seperti mesin kisar, canai dan larik. Selain itu, pelajar juga akan diajar untuk membaca dan memahami pelan, penggunaan mesin perkakas yang sesuai untuk sesuatu benda kerja. Para pelajar akan memperolehi kemahiran teori dan amali didalam asas kerja-kerja logam, menyelenggara dan memesin benda kerja. Pelajar juga akan mempelajari kaedah membuat pelbagai alat dan alatganti dengan menggunakan mesin seperti mesin kisar, canai dan larik. Selain itu mereka juga akan mempelajari kaedah membuat, membaca dan memahami pelan (blueprint) serta berpengetahuan dalam aspek keselamatan dan pengurusan bengkel","Di Bahagian Teknologi Pembuatan (Pemesinan), pelajar akan mempelajari kaedah membuat pelbagai alat atau alat ganti dengan menggunakan mesin seperti mesin kisar, canai dan larik. Selain itu, pelajar juga akan diajar untuk membaca dan memahami pelan, penggunaan mesin perkakas yang sesuai untuk sesuatu benda kerja. Para pelajar akan memperolehi kemahiran teori dan amali didalam asas kerja-kerja logam, menyelenggara dan memesin benda kerja. Pelajar juga akan mempelajari kaedah membuat pelbagai alat dan alatganti dengan menggunakan mesin seperti mesin kisar, canai dan larik. Selain itu mereka juga akan mempelajari kaedah membuat, membaca dan memahami pelan (blueprint) serta berpengetahuan dalam aspek keselamatan dan pengurusan bengkel"
IJTM-CET-030,Sijil Teknologi Pembuatan Perkakasan Dai,Sijil,Mekanikal & Pembuatan,"Bahagian Teknologi Pembuatan Perkakasan-Die mengajar pelajar-pelajar tentang asas-asas penggunaan mesin konvesional seperti mesin larik, kisar dan canai serta mesin CNC seperti CNC Lathe, CNC Milling, CNC EDM Wire Cut, CNC EDM Die Sinker dan CNC Grinding. Pelajar juga akan diajar cara-cara membuat die dari peringkat merekabentuk, pembuatan, pemasangan, mengenalpasti kecacatan atau kerosakan sehinggalah penghasilan produk. Selain itu juga pelajar akan didedahkan tentang keadah-kaedah pengukuran seperti CMM.","Bahagian Teknologi Pembuatan Perkakasan-Die mengajar pelajar-pelajar tentang asas-asas penggunaan mesin konvesional seperti mesin larik, kisar dan canai serta mesin CNC seperti CNC Lathe, CNC Milling, CNC EDM Wire Cut, CNC EDM Die Sinker dan CNC Grinding. Pelajar juga akan diajar cara-cara membuat die dari peringkat merekabentuk, pembuatan, pemasangan, mengenalpasti kecacatan atau kerosakan sehinggalah penghasilan produk. Selain itu juga pelajar akan didedahkan tentang keadah-kaedah pengukuran seperti CMM."
IJTM-CET-031,Sijil Teknologi Penyejukbekuan dan Penyamanan Udara,Sijil,Elektrik & Elektronik,"Program Sijil Teknologi Perindustrian (Teknologi Penyejukbekuan dan Penyamanan Udara) ditawarkan untuk mendedahkan pelajar kepada pengetahuan dan kemahiran berkaitan dalam bidang teknologi penyejukbekuan dan penyamanan udara. Pelajar-pelajar akan dilatih untuk menguasai pengetahuan dan mahir dalam kerja pemasangan, penyelenggaraan dan baik pulih sistem penyejukbekuan dan penyamanan udara, sama ada sistem untuk domestik atau komersil berdasarkan standard yang telah ditetapkan. Selain dari itu, pelajar juga berpeluang untuk mempelajari sistem penyamanan udara jenis pisah dan berpusat yang menggunakan sama ada sistem penyejuk udara atau sistem penyejuk air. Di samping itu, pelajar juga akan mempelajari sistem penyamanan udara kenderaan, membuat penyambungan sistem paip penyejukan, penyelenggaraan komponen elektrik dan elektronik serta mekanikal untuk sistem penyaman udara. Program ini mematuhi standard Pusat Bertauliah Jabatan Pembangunan Kemahiran dan Jabatan Alam Sekitar, Malaysia.","Program Sijil Teknologi Perindustrian (Teknologi Penyejukbekuan dan Penyamanan Udara) ditawarkan untuk mendedahkan pelajar kepada pengetahuan dan kemahiran berkaitan dalam bidang teknologi penyejukbekuan dan penyamanan udara. Pelajar-pelajar akan dilatih untuk menguasai pengetahuan dan mahir dalam kerja pemasangan, penyelenggaraan dan baik pulih sistem penyejukbekuan dan penyamanan udara, sama ada sistem untuk domestik atau komersil berdasarkan standard yang telah ditetapkan. Selain dari itu, pelajar juga berpeluang untuk mempelajari sistem penyamanan udara jenis pisah dan berpusat yang menggunakan sama ada sistem penyejuk udara atau sistem penyejuk air. Di samping itu, pelajar juga akan mempelajari sistem penyamanan udara kenderaan, membuat penyambungan sistem paip penyejukan, penyelenggaraan komponen elektrik dan elektronik serta mekanikal untuk sistem penyaman udara. Program ini mematuhi standard Pusat Bertauliah Jabatan Pembangunan Kemahiran dan Jabatan Alam Sekitar, Malaysia."
IJTM-CET-032,Sijil Teknologi Penyelenggaraan Bangunan dan Fasiliti,Sijil,Sivil & Bangunan,"Kolej Teknologi Termaju Kampus Labuan atau ADTEC JTM Kampus Labuan terlebih dahulu dikenali dengan ILP Labuan, menawarkan Sijil Teknologi Penyelenggaraan Bangunan dan Fasiliti. Pelatih akan diajar cara membaca pelan binaan serta langkah-langkah pembinaan bangunan dengan kemasan dan lepaan, kerja konkrit,setting out bangunan,membuat anggaran bahan dan memasang jubin lantai dan dinding. Pelatih juga didedahkan dengan kerja-kerja kayu dan pemasangan paip sebagai pelajaran teras. Lulusan kursus ini akan menerima Sijil Kemahiran Malaysia Tahap 1 & 2.","Kolej Teknologi Termaju Kampus Labuan atau ADTEC JTM Kampus Labuan terlebih dahulu dikenali dengan ILP Labuan, menawarkan Sijil Teknologi Penyelenggaraan Bangunan dan Fasiliti. Pelatih akan diajar cara membaca pelan binaan serta langkah-langkah pembinaan bangunan dengan kemasan dan lepaan, kerja konkrit,setting out bangunan,membuat anggaran bahan dan memasang jubin lantai dan dinding. Pelatih juga didedahkan dengan kerja-kerja kayu dan pemasangan paip sebagai pelajaran teras. Lulusan kursus ini akan menerima Sijil Kemahiran Malaysia Tahap 1 & 2."
IJTM-CET-033,Sijil Teknologi Penyelenggaraan Mekanikal,Sijil,Mekanikal & Pembuatan,"Kursus Teknologi Penyelenggaraan Mekanikal TPM merupakan 1 kursus di mana pelajar dilengkapkan dengan info, pengetahuan, kemahiran dan amali mengenai penyelenggaraan mekanikal dan sistem elektrikal yang mana menekankan aspek keselamatan yang tinggi. Pelajar akan diajar asas keselamatan di tempat kerja, proses menggegas, memotong, mengimpal, penggunaan mesin mekanikal seperti mesin larik, mesin gerudi, mesin kisar dan pelbagai lagi jenis mesin. Para pelajar juga akan didedahkan dengan proses-proses penyelenggaraan berkala, penyelenggaraan mengikut jadual dan penyelenggaraan segera. Peningkatan permintaan  bidang penyelenggaraan dari pihak industri membuka peluang yang banyak kepada lepasan kursus ini untuk menyertai pasukan penyelenggaraan sesuatu syarikat. Pelajar yang memperoleh Sijil TPM juga boleh membuka syarikat penyelenggaraan mekanikal sendiri jika mempunyai modal atau sambung belajar ke peringkat lebih tinggi di institut pengajian yang lain.","Kursus Teknologi Penyelenggaraan Mekanikal TPM merupakan 1 kursus di mana pelajar dilengkapkan dengan info, pengetahuan, kemahiran dan amali mengenai penyelenggaraan mekanikal dan sistem elektrikal yang mana menekankan aspek keselamatan yang tinggi. Pelajar akan diajar asas keselamatan di tempat kerja, proses menggegas, memotong, mengimpal, penggunaan mesin mekanikal seperti mesin larik, mesin gerudi, mesin kisar dan pelbagai lagi jenis mesin. Para pelajar juga akan didedahkan dengan proses-proses penyelenggaraan berkala, penyelenggaraan mengikut jadual dan penyelenggaraan segera. Peningkatan permintaan  bidang penyelenggaraan dari pihak industri membuka peluang yang banyak kepada lepasan kursus ini untuk menyertai pasukan penyelenggaraan sesuatu syarikat. Pelajar yang memperoleh Sijil TPM juga boleh membuka syarikat penyelenggaraan mekanikal sendiri jika mempunyai modal atau sambung belajar ke peringkat lebih tinggi di institut pengajian yang lain."
IJTM-CET-034,Sijil Teknologi Polimer,Sijil,Mekanikal & Pembuatan,"Pelajar kursus ini dilengkapkan dengan pengetahuan dan kemahiran mengenai operasi pengendalian dan troubleshoot mesin pemprosesan produk kejuruteraan plastik (plastic engineering product) yang menitikberatkan langkah-langkah keselamatan, teknikal dan aspek-aspek lain berkenaan operasi pengacuanan  suntikan (operation injection moulding) melalui pendekatan amali yang semestinya lebih berkesan dan mudah dipelajari.","Pelajar kursus ini dilengkapkan dengan pengetahuan dan kemahiran mengenai operasi pengendalian dan troubleshoot mesin pemprosesan produk kejuruteraan plastik (plastic engineering product) yang menitikberatkan langkah-langkah keselamatan, teknikal dan aspek-aspek lain berkenaan operasi pengacuanan  suntikan (operation injection moulding) melalui pendekatan amali yang semestinya lebih berkesan dan mudah dipelajari."
IJTM-CET-035,Sijil Teknologi Rekabentuk & Pengeluaran Perabot,Sijil,Sivil & Bangunan,"Reka bentuk grafik untuk percetakan, susun atur (layout), dan pra-cetak.","Reka bentuk grafik untuk percetakan, susun atur (layout), dan pra-cetak."
IJTM-CET-036,Sijil Teknologi Rekabentuk Grafik,Sijil,ICT & Multimedia,"Dalam kursus ini, pelajar akan diajar menggunakan komputer Apple dan perisian yang berkaitan bidang penerbitan seperti Adobe Illustrator, Page Maker, Photoshop serta Quark Express. Merekabentuk grafik, membuat lay-out & memproses filem sebelum proses percetakan.","Dalam kursus ini, pelajar akan diajar menggunakan komputer Apple dan perisian yang berkaitan bidang penerbitan seperti Adobe Illustrator, Page Maker, Photoshop serta Quark Express. Merekabentuk grafik, membuat lay-out & memproses filem sebelum proses percetakan."
IJTM-CET-037,Sijil Teknologi Rekabentuk Produk Industri,Sijil,Mekanikal & Pembuatan,"Kursus ini akan memberi pendedahan, pengetahuan dan kemahiran dalam bidang Reka Bentuk. Dalam kursus ini, pelajar akan diajar seawal proses mereka bentuk produk industri menggunakan pelbagai perisian dan peralatan. Selain itu, pelajar juga akan didedahkan kepada mesin-mesin yang berkaitan Reka Bentuk.","Kursus ini akan memberi pendedahan, pengetahuan dan kemahiran dalam bidang Reka Bentuk. Dalam kursus ini, pelajar akan diajar seawal proses mereka bentuk produk industri menggunakan pelbagai perisian dan peralatan. Selain itu, pelajar juga akan didedahkan kepada mesin-mesin yang berkaitan Reka Bentuk."
IJTM-CET-038,Sijil Teknologi Telekomunikasi,Sijil,Elektrik & Elektronik,"Program ini bertujuan untuk melahirkan pekerja separa mahir dalam bidang kemahiran telekomunikasi yang melibatkan industri dalam bidang fiber optik, antena dan komunikasi tanpa wayar. Kaedah pembelajaran adalah berdasarkan 30% teori dan 70% amali. Melalui program ini, para pelajar akan mempunyai kemahiran yang kompeten dalam : – Low End Equipment Material Installation and Maintenance. – Low End Installation Material’s Installation and Maintenance. – Fibre Optic Cable Splicing. – Transmission Site Survey. – Low End Material Troubleshooting. – Frequency Scanning. – Electrical & Electronic.","Program ini bertujuan untuk melahirkan pekerja separa mahir dalam bidang kemahiran telekomunikasi yang melibatkan industri dalam bidang fiber optik, antena dan komunikasi tanpa wayar. Kaedah pembelajaran adalah berdasarkan 30% teori dan 70% amali. Melalui program ini, para pelajar akan mempunyai kemahiran yang kompeten dalam : – Low End Equipment Material Installation and Maintenance. – Low End Installation Material’s Installation and Maintenance. – Fibre Optic Cable Splicing. – Transmission Site Survey. – Low End Material Troubleshooting. – Frequency Scanning. – Electrical & Electronic."