No,institution_id,course_id,hyperlink,duration,min_credits,min_pass,pass_bm,pass_history,pass_math,pass_science_tech,pass_math_sci,credit_math_sci_tech,credit_math_sci,credit_english,3m_only,single,no_colorblind,no_disability, monthly_allowance , practical_allowance ,free_hostel,free_meals,tuition_fee,registration_fee,req_academic
1,IKBN-004,IKBN-DIP-001,https://mohon.tvet.gov.my/awam-kursus/kursus?id_kursus=35198,36 Bulan,1,2,1,1,0,0,0,1,0,0,0,0,1,1, RM100 , RM300 ,1,1,Percuma,Percuma,Credit Math/Science/Tech
2,IKBN-005,IKBN-DIP-001,https://mohon.tvet.gov.my/awam-kursus/kursus?id_kursus=35199,36 Bulan,1,2,1,1,0,0,0,1,0,0,0,0,1,1, RM100 , RM300 ,1,1,Percuma,Percuma,Credit Math/Science/Tech
3,IKBN-020,IKBN-DIP-001,https://mohon.tvet.gov.my/awam-kursus/kursus?id_kursus=35202,36 Bulan,1,2,1,1,0,0,0,1,0,0,0,0,1,1, RM100 , RM300 ,1,1,Percuma,Percuma,Credit Math/Science/Tech
4,IKBN-012,IKBN-DIP-002,https://mohon.tvet.gov.my/awam-kursus/kursus?id_kursus=14258,36 Bulan,0,0,0,0,0,0,0,0,0,0,1,0,0,1, RM100 , RM300 ,1,1,Percuma,Percuma,
5,IKBN-010,IKBN-DIP-003,https://mohon.tvet.gov.my/awam-kursus/kursus?id_kursus=35118,37 Bulan,0,0,0,0,0,0,0,0,0,0,1,0,0,1, RM100 , RM300 ,1,1,Percuma,Percuma,
6,IKBN-001,IKBN-DIP-006,https://mohon.tvet.gov.my/awam-kursus/kursus?id_kursus=14603,34 Bulan,0,0,0,0,0,0,0,0,0,0,1,0,0,1, RM100 , RM300 ,1,1,Percuma,Percuma,
7,IKBN-012,IKBN-DIP-007,https://mohon.tvet.gov.my/awam-kursus/kursus?id_kursus=43815,34 Bulan,0,0,0,0,0,0,0,0,0,0,1,0,0,1, RM100 , RM300 ,1,1,Percuma,Percuma,
8,IKBN-001,IKBN-CET-001,https://mohon.tvet.gov.my/awam-kursus/kursus?id_kursus=14612,27 Bulan,0,0,0,0,0,0,0,0,0,0,1,0,0,1, RM100 , RM300 ,1,1,Percuma,Percuma,
9,IKBN-003,IKBN-CET-001,https://mohon.tvet.gov.my/awam-kursus/kursus?id_kursus=14375,27 Bulan,0,0,0,0,0,0,0,0,0,0,1,0,0,1, RM100 , RM300 ,1,1,Percuma,Percuma,
10,IKBN-014,IKBN-CET-001,https://mohon.tvet.gov.my/awam-kursus/kursus?id_kursus=14465,27 Bulan,0,0,0,0,0,0,0,0,0,0,1,0,0,1, RM100 , RM300 ,1,1,Percuma,Percuma,
11,IKBN-003,IKBN-CET-002,https://mohon.tvet.gov.my/awam-kursus/kursus?id_kursus=14399,27 Bulan,0,0,0,0,0,0,0,0,0,0,1,0,0,1, RM100 , RM300 ,1,1,Percuma,Percuma,
12,IKBN-008,IKBN-CET-002,https://mohon.tvet.gov.my/awam-kursus/kursus?id_kursus=14276,24 Bulan,0,0,0,0,0,0,0,0,0,0,1,0,0,1, RM100 , RM300 ,1,1,Percuma,Percuma,
13,IKBN-014,IKBN-CET-002,https://mohon.tvet.gov.my/awam-kursus/kursus?id_kursus=14477,27 Bulan,0,0,0,0,0,0,0,0,0,0,1,0,0,1, RM100 , RM300 ,1,1,Percuma,Percuma,
14,IKBN-007,IKBN-CET-003,https://mohon.tvet.gov.my/awam-kursus/kursus?id_kursus=14411,27 Bulan,0,0,0,0,0,0,0,0,0,0,1,0,0,1, RM100 , RM300 ,1,1,Percuma,Percuma,
15,IKBN-014,IKBN-CET-003,https://mohon.tvet.gov.my/awam-kursus/kursus?id_kursus=14483,27 Bulan,0,0,0,0,0,0,0,0,0,0,1,0,0,1, RM100 , RM300 ,1,1,Percuma,Percuma,
16,IKBN-003,IKBN-CET-004,https://mohon.tvet.gov.my/awam-kursus/kursus?id_kursus=44202,24 Bulan,0,0,0,0,0,0,0,0,0,0,1,0,0,1, RM100 , RM300 ,1,1,Percuma,Percuma,
17,IKBN-003,IKBN-CET-005,https://mohon.tvet.gov.my/awam-kursus/kursus?id_kursus=43845,24 Bulan,0,0,0,0,0,0,0,0,0,0,1,0,0,1, RM100 , RM300 ,1,1,Percuma,Percuma,
18,IKBN-007,IKBN-CET-005,https://mohon.tvet.gov.my/awam-kursus/kursus?id_kursus=45292,24 Bulan,0,0,0,0,0,0,0,0,0,0,1,1,0,1, RM100 , RM300 ,1,1,Percuma,Percuma,
19,IKBN-008,IKBN-CET-005,https://mohon.tvet.gov.my/awam-kursus/kursus?id_kursus=45289,24 Bulan,0,0,0,0,0,0,0,0,0,0,1,0,0,1, RM100 , RM300 ,1,1,Percuma,Percuma,
20,IKBN-014,IKBN-CET-005,https://mohon.tvet.gov.my/awam-kursus/kursus?id_kursus=14456,27 Bulan,0,0,0,0,0,0,0,0,0,0,1,0,0,1, RM100 , RM300 ,1,1,Percuma,Percuma,
21,IKBN-021,IKBN-CET-005,https://mohon.tvet.gov.my/awam-kursus/kursus?id_kursus=14531,27 Bulan,0,0,0,0,0,0,0,0,0,0,1,0,0,1, RM100 , RM300 ,1,1,Percuma,Percuma,
22,IKBN-003,IKBN-CET-006,https://mohon.tvet.gov.my/awam-kursus/kursus?id_kursus=14363,27 Bulan,0,0,0,0,0,0,0,0,0,0,1,0,0,1, RM100 , RM300 ,1,1,Percuma,Percuma,
23,IKBN-014,IKBN-CET-006,https://mohon.tvet.gov.my/awam-kursus/kursus?id_kursus=14468,27 Bulan,0,0,0,0,0,0,0,0,0,0,1,0,0,1, RM100 , RM300 ,1,1,Percuma,Percuma,
24,IKBN-016,IKBN-CET-007,https://mohon.tvet.gov.my/awam-kursus/kursus?id_kursus=45298,24 Bulan,0,0,0,0,0,0,0,0,0,0,1,0,0,1, RM100 , RM300 ,1,1,Percuma,Percuma,
25,IKBN-004,IKBN-CET-008,https://mohon.tvet.gov.my/awam-kursus/kursus?id_kursus=33765,24 Bulan,0,4,1,1,1,1,0,0,0,0,0,0,1,1, RM100 , RM300 ,1,1,Percuma,Percuma,Pass Math/Add Maths & Pass Science/Tech
26,IKBN-020,IKBN-CET-008,https://mohon.tvet.gov.my/awam-kursus/kursus?id_kursus=33768,24 Bulan,0,4,1,1,1,1,0,0,0,0,0,0,1,1, RM100 , RM300 ,1,1,Percuma,Percuma,Pass Math/Add Maths & Pass Science/Tech
27,IKBN-012,IKBN-CET-009,https://mohon.tvet.gov.my/awam-kursus/kursus?id_kursus=30635,24 Bulan,0,0,0,0,0,0,0,0,0,0,1,0,0,1, RM100 , RM300 ,1,1,Percuma,Percuma,
28,IKBN-004,IKBN-CET-010,https://mohon.tvet.gov.my/awam-kursus/kursus?id_kursus=14489,27 Bulan,0,0,0,0,0,0,0,0,0,0,1,0,0,1, RM100 , RM300 ,1,1,Percuma,Percuma,
29,IKBN-011,IKBN-CET-010,https://mohon.tvet.gov.my/awam-kursus/kursus?id_kursus=14450,27 Bulan,0,0,0,0,0,0,0,0,0,0,1,0,0,1, RM100 , RM300 ,1,1,Percuma,Percuma,
30,IKBN-013,IKBN-CET-011,https://mohon.tvet.gov.my/awam-kursus/kursus?id_kursus=14240,24 Bulan,0,0,0,0,0,0,0,0,0,0,1,0,0,1, RM100 , RM300 ,1,1,Percuma,Percuma,
31,IKBN-017,IKBN-CET-012,https://mohon.tvet.gov.my/awam-kursus/kursus?id_kursus=14798,21 Bulan,0,0,0,0,0,0,0,0,0,0,1,0,0,1, RM100 , RM300 ,1,1,Percuma,Percuma,
32,IKBN-010,IKBN-CET-013,https://mohon.tvet.gov.my/awam-kursus/kursus?id_kursus=14639,24 Bulan,0,0,0,0,0,0,0,0,0,0,1,0,0,1, RM100 , RM300 ,1,1,Percuma,Percuma,
33,IKBN-019,IKBN-CET-014,https://mohon.tvet.gov.my/awam-kursus/kursus?id_kursus=14195,27 Bulan,0,0,0,0,0,0,0,0,0,0,1,0,0,1, RM100 , RM300 ,1,1,Percuma,Percuma,
34,IKBN-021,IKBN-CET-014,https://mohon.tvet.gov.my/awam-kursus/kursus?id_kursus=14561,27 Bulan,0,0,0,0,0,0,0,0,0,0,1,0,0,1, RM100 , RM300 ,1,1,Percuma,Percuma,
35,IKBN-005,IKBN-CET-015,https://mohon.tvet.gov.my/awam-kursus/kursus?id_kursus=14342,24 Bulan,0,0,0,0,0,0,0,0,0,0,1,0,0,1, RM100 , RM300 ,1,1,Percuma,Percuma,
36,IKBN-008,IKBN-CET-015,https://mohon.tvet.gov.my/awam-kursus/kursus?id_kursus=14306,27 Bulan,0,0,0,0,0,0,0,0,0,0,1,0,0,1, RM100 , RM300 ,1,1,Percuma,Percuma,
37,IKBN-017,IKBN-CET-016,https://mohon.tvet.gov.my/awam-kursus/kursus?id_kursus=14783,21 Bulan,0,0,0,0,0,0,0,0,0,0,1,0,0,1, RM100 , RM300 ,1,1,Percuma,Percuma,
38,IKBN-010,IKBN-CET-017,https://mohon.tvet.gov.my/awam-kursus/kursus?id_kursus=14660,27 Bulan,0,0,0,0,0,0,0,0,0,0,1,0,0,1, RM100 , RM300 ,1,1,Percuma,Percuma,
39,IKBN-017,IKBN-CET-018,https://mohon.tvet.gov.my/awam-kursus/kursus?id_kursus=44208,24 Bulan,0,0,0,0,0,0,0,0,0,0,1,0,0,1, RM100 , RM300 ,1,1,Percuma,Percuma,
40,IKBN-011,IKBN-CET-019,https://mohon.tvet.gov.my/awam-kursus/kursus?id_kursus=14453,24 Bulan,0,0,0,0,0,0,0,0,0,0,1,0,0,1, RM100 , RM300 ,1,1,Percuma,Percuma,
41,IKBN-014,IKBN-CET-020,https://mohon.tvet.gov.my/awam-kursus/kursus?id_kursus=14471,27 Bulan,0,0,0,0,0,0,0,0,0,0,1,0,0,1, RM100 , RM300 ,1,1,Percuma,Percuma,
42,IKBN-018,IKBN-CET-021,https://mohon.tvet.gov.my/awam-kursus/kursus?id_kursus=14432,24 Bulan,0,0,0,0,0,0,0,0,0,0,1,0,0,1, RM100 , RM300 ,1,1,Percuma,Percuma,
43,IKBN-016,IKBN-CET-022,https://mohon.tvet.gov.my/awam-kursus/kursus?id_kursus=14759,27 Bulan,0,0,0,0,0,0,0,0,0,0,1,0,0,1, RM100 , RM300 ,1,1,Percuma,Percuma,
44,IKBN-001,IKBN-CET-023,https://mohon.tvet.gov.my/awam-kursus/kursus?id_kursus=14567,24 Bulan,0,0,0,0,0,0,0,0,0,0,1,0,0,1, RM100 , RM300 ,1,1,Percuma,Percuma,
45,IKBN-004,IKBN-CET-024,https://mohon.tvet.gov.my/awam-kursus/kursus?id_kursus=30661,27 Bulan,0,0,0,0,0,0,0,0,0,0,1,0,0,1, RM100 , RM300 ,1,1,Percuma,Percuma,
46,IKBN-018,IKBN-CET-025,https://mohon.tvet.gov.my/awam-kursus/kursus?id_kursus=14435,24 Bulan,0,0,0,0,0,0,0,0,0,0,1,0,0,1, RM100 , RM300 ,1,1,Percuma,Percuma,
47,IKBN-004,IKBN-CET-026,https://mohon.tvet.gov.my/awam-kursus/kursus?id_kursus=14504,27 Bulan,0,0,0,0,0,0,0,0,0,0,1,0,0,1, RM100 , RM300 ,1,1,Percuma,Percuma,
48,IKBN-021,IKBN-CET-026,https://mohon.tvet.gov.my/awam-kursus/kursus?id_kursus=14525,27 Bulan,0,0,0,0,0,0,0,0,0,0,1,0,0,1, RM100 , RM300 ,1,1,Percuma,Percuma,
49,IKBN-018,IKBN-CET-027,https://mohon.tvet.gov.my/awam-kursus/kursus?id_kursus=30656,24 Bulan,0,0,0,0,0,0,0,0,0,0,1,0,0,1, RM100 , RM300 ,1,1,Percuma,Percuma,
50,IKBN-018,IKBN-CET-028,https://mohon.tvet.gov.my/awam-kursus/kursus?id_kursus=30653,24 Bulan,0,0,0,0,0,0,0,0,0,0,1,0,0,1, RM100 , RM300 ,1,1,Percuma,Percuma,
51,IKBN-015,IKBN-CET-029,https://mohon.tvet.gov.my/awam-kursus/kursus?id_kursus=45421,24 Bulan,0,0,0,0,0,0,0,0,0,0,1,0,0,1, RM100 , RM300 ,1,1,Percuma,Percuma,
52,IKBN-014,IKBN-CET-032,https://mohon.tvet.gov.my/awam-kursus/kursus?id_kursus=30659,15 Bulan,0,0,0,0,0,0,0,0,0,0,1,0,0,1, RM100 , RM300 ,1,1,Percuma,Percuma,
53,IKBN-011,IKBN-CET-034,https://mohon.tvet.gov.my/awam-kursus/kursus?id_kursus=33783,24 Bulan,0,2,1,1,0,0,1,0,0,0,0,0,1,1, RM100 , RM300 ,1,1,Percuma,Percuma,Pass Math/Science
54,IKBN-013,IKBN-CET-034,https://mohon.tvet.gov.my/awam-kursus/kursus?id_kursus=33777,24 Bulan,0,2,1,1,0,0,1,0,0,0,0,0,1,1, RM100 , RM300 ,1,1,Percuma,Percuma,Pass Math/Science
55,IJTM-004,IJTM-DIP-010,https://mohon.tvet.gov.my/awam-kursus/kursus?id_kursus=9581,36 Bulan,0,4,1,1,1,0,0,0,0,0,0,0,1,1, RM- , RM- ,0,1,Pinjaman PTPK,Pinjaman PTPK,
56,IJTM-004,IJTM-DIP-017,https://mohon.tvet.gov.my/awam-kursus/kursus?id_kursus=35147,34 Bulan,0,4,1,1,1,0,0,0,0,0,0,0,1,1, RM- , RM- ,0,1,Pinjaman PTPK,Pinjaman PTPK,
57,IJTM-027,IJTM-DIP-017,https://mohon.tvet.gov.my/awam-kursus/kursus?id_kursus=33902,34 Bulan,0,4,1,1,1,0,0,0,0,0,0,0,1,1, RM- , RM- ,0,1,Pinjaman PTPK,Pinjaman PTPK,
58,IJTM-004,IJTM-DIP-019,https://mohon.tvet.gov.my/awam-kursus/kursus?id_kursus=36797,34 Bulan,0,4,1,1,1,0,0,0,0,0,0,0,1,1, RM- , RM- ,0,1,Pinjaman PTPK,Pinjaman PTPK,
59,IJTM-027,IJTM-DIP-022,https://mohon.tvet.gov.my/awam-kursus/kursus?id_kursus=33893,34 Bulan,0,4,1,1,1,0,0,0,0,0,0,0,1,1, RM- , RM- ,0,1,Pinjaman PTPK,Pinjaman PTPK,
60,IJTM-026,IJTM-DIP-024,https://mohon.tvet.gov.my/awam-kursus/kursus?id_kursus=10049,36 Bulan,0,4,1,1,1,0,0,0,0,0,0,0,1,1, RM- , RM- ,0,1,Pinjaman PTPK,Pinjaman PTPK,
61,IJTM-026,IJTM-DIP-026,https://mohon.tvet.gov.my/awam-kursus/kursus?id_kursus=10007,36 Bulan,3,0,1,1,0,0,0,1,0,1,0,0,1,1, RM- , RM- ,0,1,Pinjaman PTPK,Pinjaman PTPK,Credit Math/Science/Tech
62,IJTM-001,IJTM-DIP-032,https://mohon.tvet.gov.my/awam-kursus/kursus?id_kursus=8718,36 Bulan,3,0,1,1,0,0,0,0,1,0,0,0,1,1, RM- , RM- ,0,1,Pinjaman PTPK,Pinjaman PTPK,Credit Math/Science
63,IJTM-001,IJTM-DIP-033,https://mohon.tvet.gov.my/awam-kursus/kursus?id_kursus=34568,34 Bulan,3,0,1,1,0,0,0,0,1,0,0,0,1,1, RM- , RM- ,0,1,Pinjaman PTPK,Pinjaman PTPK,Credit Math/Science
64,IJTM-001,IJTM-DIP-034,https://mohon.tvet.gov.my/awam-kursus/kursus?id_kursus=7774,36 Bulan,3,0,1,1,0,0,0,0,1,0,0,0,1,1, RM- , RM- ,0,1,Pinjaman PTPK,Pinjaman PTPK,Credit Math/Science
65,IJTM-001,IJTM-DIP-035,https://mohon.tvet.gov.my/awam-kursus/kursus?id_kursus=33983,34 Bulan,3,0,1,1,0,0,0,0,1,0,0,0,1,1, RM- , RM- ,0,1,Pinjaman PTPK,Pinjaman PTPK,Credit Math/Science
66,IJTM-029,IJTM-CET-001,https://mohon.tvet.gov.my/awam-kursus/kursus?id_kursus=33929,16 Bulan,0,2,1,1,0,0,0,0,0,0,0,0,1,1, RM- , RM- ,1,1,Percuma,Percuma,
67,IJTM-029,IJTM-CET-002,https://mohon.tvet.gov.my/awam-kursus/kursus?id_kursus=40510,16 Bulan,0,2,1,1,0,0,0,0,0,0,0,0,1,1, RM- , RM- ,1,1,Percuma,Percuma,
68,IJTM-029,IJTM-CET-003,https://mohon.tvet.gov.my/awam-kursus/kursus?id_kursus=40507,16 Bulan,0,2,1,1,0,0,0,0,0,0,0,0,1,1, RM- , RM- ,1,1,Percuma,Percuma,
69,IJTM-002,IJTM-CET-004,https://mohon.tvet.gov.my/awam-kursus/kursus?id_kursus=9290,27 Bulan,0,0,0,0,0,0,0,0,0,0,1,0,1,1, RM100 , RM300 ,1,1,Percuma,Percuma,
70,IJTM-008,IJTM-CET-004,https://mohon.tvet.gov.my/awam-kursus/kursus?id_kursus=7768,27 Bulan,0,0,0,0,0,0,0,0,0,0,1,0,1,1, RM100 , RM300 ,1,1,Percuma,Percuma,
71,IJTM-013,IJTM-CET-004,https://mohon.tvet.gov.my/awam-kursus/kursus?id_kursus=8776,27 Bulan,0,0,0,0,0,0,0,0,0,0,1,0,1,1, RM100 , RM300 ,1,1,Percuma,Percuma,
72,IJTM-015,IJTM-CET-004,https://mohon.tvet.gov.my/awam-kursus/kursus?id_kursus=36888,27 Bulan,0,0,0,0,0,0,0,0,0,0,1,0,1,1, RM100 , RM300 ,1,1,Percuma,Percuma,
73,IJTM-016,IJTM-CET-004,https://mohon.tvet.gov.my/awam-kursus/kursus?id_kursus=45048,27 Bulan,0,0,0,0,0,0,0,0,0,0,1,0,1,1, RM100 , RM300 ,1,1,Percuma,Percuma,
74,IJTM-021,IJTM-CET-004,https://mohon.tvet.gov.my/awam-kursus/kursus?id_kursus=7111,27 Bulan,0,0,0,0,0,0,0,0,0,0,1,0,1,1, RM100 , RM300 ,1,1,Percuma,Percuma,
75,IJTM-028,IJTM-CET-004,https://mohon.tvet.gov.my/awam-kursus/kursus?id_kursus=7231,27 Bulan,0,0,0,0,0,0,0,0,0,0,1,0,1,1, RM100 , RM300 ,1,1,Percuma,Percuma,
76,IJTM-032,IJTM-CET-004,https://mohon.tvet.gov.my/awam-kursus/kursus?id_kursus=40218,27 Bulan,0,0,0,0,0,0,0,0,0,0,1,0,1,1, RM100 , RM300 ,1,1,Percuma,Percuma,
77,IJTM-034,IJTM-CET-004,https://mohon.tvet.gov.my/awam-kursus/kursus?id_kursus=7306,27 Bulan,0,0,0,0,0,0,0,0,0,0,1,0,1,1, RM100 , RM300 ,1,1,Percuma,Percuma,
78,IJTM-024,IJTM-CET-005,https://mohon.tvet.gov.my/awam-kursus/kursus?id_kursus=42539,27 Bulan,0,0,0,0,0,0,0,0,0,0,1,0,1,1, RM100 , RM300 ,1,1,Percuma,Percuma,
79,IJTM-033,IJTM-CET-005,https://mohon.tvet.gov.my/awam-kursus/kursus?id_kursus=30603,27 Bulan,0,0,0,0,0,0,0,0,0,0,1,0,1,1, RM100 , RM300 ,1,1,Percuma,Percuma,
80,IJTM-034,IJTM-CET-005,https://mohon.tvet.gov.my/awam-kursus/kursus?id_kursus=7300,27 Bulan,0,0,0,0,0,0,0,0,0,0,1,0,1,1, RM100 , RM300 ,1,1,Percuma,Percuma,
81,IJTM-024,IJTM-CET-006,https://mohon.tvet.gov.my/awam-kursus/kursus?id_kursus=39077,27 Bulan,0,0,0,0,0,0,0,0,0,0,1,0,1,1, RM100 , RM300 ,1,1,Percuma,Percuma,
82,IJTM-003,IJTM-CET-007,https://mohon.tvet.gov.my/awam-kursus/kursus?id_kursus=36785,27 Bulan,0,0,0,0,0,0,0,0,0,0,1,0,1,1, RM100 , RM300 ,1,1,Percuma,Percuma,
83,IJTM-019,IJTM-CET-007,https://mohon.tvet.gov.my/awam-kursus/kursus?id_kursus=36755,27 Bulan,0,0,0,0,0,0,0,0,0,0,1,0,1,1, RM100 , RM300 ,1,1,Percuma,Percuma,
84,IJTM-020,IJTM-CET-007,https://mohon.tvet.gov.my/awam-kursus/kursus?id_kursus=36701,27 Bulan,0,0,0,0,0,0,0,0,0,0,1,0,1,1, RM100 , RM300 ,1,1,Percuma,Percuma,
85,IJTM-019,IJTM-CET-008,https://mohon.tvet.gov.my/awam-kursus/kursus?id_kursus=7480,27 Bulan,0,0,0,0,0,0,0,0,0,0,1,0,1,1, RM100 , RM300 ,1,1,Percuma,Percuma,
86,IJTM-032,IJTM-CET-008,https://mohon.tvet.gov.my/awam-kursus/kursus?id_kursus=30540,27 Bulan,0,0,0,0,0,0,0,0,0,0,1,0,1,1, RM100 , RM300 ,1,1,Percuma,Percuma,
87,IJTM-002,IJTM-CET-009,https://mohon.tvet.gov.my/awam-kursus/kursus?id_kursus=33911,27 Bulan,0,4,1,1,1,1,0,0,0,0,0,0,1,1, RM100 , RM300 ,1,1,Percuma,Percuma,Pass Math/Add Maths & Pass Science/Tech
88,IJTM-003,IJTM-CET-009,https://mohon.tvet.gov.my/awam-kursus/kursus?id_kursus=33956,27 Bulan,0,4,1,1,1,1,0,0,0,0,0,0,1,1, RM100 , RM300 ,1,1,Percuma,Percuma,Pass Math/Add Maths & Pass Science/Tech
89,IJTM-013,IJTM-CET-009,https://mohon.tvet.gov.my/awam-kursus/kursus?id_kursus=33989,27 Bulan,0,4,1,1,1,1,0,0,0,0,0,0,1,1, RM100 , RM300 ,1,1,Percuma,Percuma,Pass Math/Add Maths & Pass Science/Tech
90,IJTM-014,IJTM-CET-009,https://mohon.tvet.gov.my/awam-kursus/kursus?id_kursus=33995,27 Bulan,0,4,1,1,1,1,0,0,0,0,0,0,1,1, RM100 , RM300 ,1,1,Percuma,Percuma,Pass Math/Add Maths & Pass Science/Tech
91,IJTM-016,IJTM-CET-009,https://mohon.tvet.gov.my/awam-kursus/kursus?id_kursus=33977,27 Bulan,0,4,1,1,1,1,0,0,0,0,0,0,1,1, RM100 , RM300 ,1,1,Percuma,Percuma,Pass Math/Add Maths & Pass Science/Tech
92,IJTM-021,IJTM-CET-009,https://mohon.tvet.gov.my/awam-kursus/kursus?id_kursus=33862,27 Bulan,0,4,1,1,1,1,0,0,0,0,0,0,1,1, RM100 , RM300 ,1,1,Percuma,Percuma,Pass Math/Add Maths & Pass Science/Tech
93,IJTM-023,IJTM-CET-009,https://mohon.tvet.gov.my/awam-kursus/kursus?id_kursus=34007,27 Bulan,0,4,1,1,1,1,0,0,0,0,0,0,1,1, RM100 , RM300 ,1,1,Percuma,Percuma,Pass Math/Add Maths & Pass Science/Tech
94,IJTM-024,IJTM-CET-009,https://mohon.tvet.gov.my/awam-kursus/kursus?id_kursus=33914,27 Bulan,0,4,1,1,1,1,0,0,0,0,0,0,1,1, RM100 , RM300 ,1,1,Percuma,Percuma,Pass Math/Add Maths & Pass Science/Tech
95,IJTM-032,IJTM-CET-009,https://mohon.tvet.gov.my/awam-kursus/kursus?id_kursus=33944,27 Bulan,0,4,1,1,1,1,0,0,0,0,0,0,1,1, RM100 , RM300 ,1,1,Percuma,Percuma,Pass Math/Add Maths & Pass Science/Tech
96,IJTM-034,IJTM-CET-009,https://mohon.tvet.gov.my/awam-kursus/kursus?id_kursus=33905,27 Bulan,0,4,1,1,1,1,0,0,0,0,0,0,1,1, RM100 , RM300 ,1,1,Percuma,Percuma,Pass Math/Add Maths & Pass Science/Tech
97,IJTM-009,IJTM-CET-010,https://mohon.tvet.gov.my/awam-kursus/kursus?id_kursus=10790,27 Bulan,0,0,0,0,0,0,0,0,0,0,1,0,1,1, RM100 , RM300 ,1,1,Percuma,Percuma,
98,IJTM-021,IJTM-CET-010,https://mohon.tvet.gov.my/awam-kursus/kursus?id_kursus=7102,27 Bulan,0,0,0,0,0,0,0,0,0,0,1,0,1,1, RM100 , RM300 ,1,1,Percuma,Percuma,
99,IJTM-003,IJTM-CET-011,https://mohon.tvet.gov.my/awam-kursus/kursus?id_kursus=9551,27 Bulan,0,0,0,0,0,0,0,0,0,0,1,0,1,1, RM100 , RM300 ,1,1,Percuma,Percuma,
100,IJTM-020,IJTM-CET-011,https://mohon.tvet.gov.my/awam-kursus/kursus?id_kursus=36695,27 Bulan,0,0,0,0,0,0,0,0,0,0,1,0,1,1, RM100 , RM300 ,1,1,Percuma,Percuma,
101,IJTM-021,IJTM-CET-011,https://mohon.tvet.gov.my/awam-kursus/kursus?id_kursus=36692,27 Bulan,0,0,0,0,0,0,0,0,0,0,1,0,1,1, RM100 , RM300 ,1,1,Percuma,Percuma,
102,IJTM-012,IJTM-CET-012,https://mohon.tvet.gov.my/awam-kursus/kursus?id_kursus=30582,27 Bulan,0,0,0,0,0,0,0,0,0,0,1,0,0,1, RM100 , RM300 ,1,1,Percuma,Percuma,
103,IJTM-018,IJTM-CET-013,https://mohon.tvet.gov.my/awam-kursus/kursus?id_kursus=36746,27 Bulan,0,0,0,0,0,0,0,0,0,0,1,0,1,1, RM100 , RM300 ,1,1,Percuma,Percuma,
104,IJTM-021,IJTM-CET-013,https://mohon.tvet.gov.my/awam-kursus/kursus?id_kursus=36689,27 Bulan,0,0,0,0,0,0,0,0,0,0,1,0,1,1, RM100 , RM300 ,1,1,Percuma,Percuma,
105,IJTM-028,IJTM-CET-014,https://mohon.tvet.gov.my/awam-kursus/kursus?id_kursus=33887,27 Bulan,0,0,0,0,0,0,0,0,0,0,1,0,0,1, RM100 , RM300 ,1,1,Percuma,Percuma,
106,IJTM-002,IJTM-CET-015,https://mohon.tvet.gov.my/awam-kursus/kursus?id_kursus=39065,27 Bulan,0,0,0,0,0,0,0,0,0,0,1,0,0,1, RM100 , RM300 ,1,1,Percuma,Percuma,
107,IJTM-003,IJTM-CET-015,https://mohon.tvet.gov.my/awam-kursus/kursus?id_kursus=36779,27 Bulan,0,0,0,0,0,0,0,0,0,0,1,0,0,1, RM100 , RM300 ,1,1,Percuma,Percuma,
108,IJTM-008,IJTM-CET-015,https://mohon.tvet.gov.my/awam-kursus/kursus?id_kursus=36815,27 Bulan,0,0,0,0,0,0,0,0,0,0,1,0,0,1, RM100 , RM300 ,1,1,Percuma,Percuma,
109,IJTM-012,IJTM-CET-015,https://mohon.tvet.gov.my/awam-kursus/kursus?id_kursus=36927,27 Bulan,0,0,0,0,0,0,0,0,0,0,1,0,0,1, RM100 , RM300 ,1,1,Percuma,Percuma,
110,IJTM-014,IJTM-CET-015,https://mohon.tvet.gov.my/awam-kursus/kursus?id_kursus=44014,27 Bulan,0,0,0,0,0,0,0,0,0,0,1,0,0,1, RM100 , RM300 ,1,1,Percuma,Percuma,
111,IJTM-017,IJTM-CET-015,https://mohon.tvet.gov.my/awam-kursus/kursus?id_kursus=36803,27 Bulan,0,0,0,0,0,0,0,0,0,0,1,0,0,1, RM100 , RM300 ,1,1,Percuma,Percuma,
112,IJTM-018,IJTM-CET-015,https://mohon.tvet.gov.my/awam-kursus/kursus?id_kursus=36737,27 Bulan,0,0,0,0,0,0,0,0,0,0,1,0,0,1, RM100 , RM300 ,1,1,Percuma,Percuma,
113,IJTM-020,IJTM-CET-015,https://mohon.tvet.gov.my/awam-kursus/kursus?id_kursus=36698,27 Bulan,0,0,0,0,0,0,0,0,0,0,1,0,1,1, RM100 , RM300 ,1,1,Percuma,Percuma,
114,IJTM-021,IJTM-CET-015,https://mohon.tvet.gov.my/awam-kursus/kursus?id_kursus=36683,27 Bulan,0,0,0,0,0,0,0,0,0,0,1,0,1,1, RM100 , RM300 ,1,1,Percuma,Percuma,
115,IJTM-024,IJTM-CET-015,https://mohon.tvet.gov.my/awam-kursus/kursus?id_kursus=39071,27 Bulan,0,0,0,0,0,0,0,0,0,0,1,0,0,1, RM100 , RM300 ,1,1,Percuma,Percuma,
116,IJTM-028,IJTM-CET-015,https://mohon.tvet.gov.my/awam-kursus/kursus?id_kursus=36716,27 Bulan,0,0,0,0,0,0,0,0,0,0,1,0,0,1, RM100 , RM300 ,1,1,Percuma,Percuma,
117,IJTM-032,IJTM-CET-015,https://mohon.tvet.gov.my/awam-kursus/kursus?id_kursus=36761,27 Bulan,0,0,0,0,0,0,0,0,0,0,1,0,0,1, RM100 , RM300 ,1,1,Percuma,Percuma,
118,IJTM-034,IJTM-CET-015,https://mohon.tvet.gov.my/awam-kursus/kursus?id_kursus=36731,27 Bulan,0,0,0,0,0,0,0,0,0,0,1,0,0,1, RM100 , RM300 ,1,1,Percuma,Percuma,
119,IJTM-002,IJTM-CET-016,https://mohon.tvet.gov.my/awam-kursus/kursus?id_kursus=9272,21 Bulan,0,0,0,0,0,0,0,0,0,0,1,0,0,1, RM100 , RM300 ,1,1,Percuma,Percuma,
120,IJTM-011,IJTM-CET-016,https://mohon.tvet.gov.my/awam-kursus/kursus?id_kursus=46910,21 Bulan,0,0,0,0,0,0,0,0,0,0,1,0,0,1, RM100 , RM300 ,1,1,Percuma,Percuma,
121,IJTM-024,IJTM-CET-016,https://mohon.tvet.gov.my/awam-kursus/kursus?id_kursus=7378,21 Bulan,0,0,0,0,0,0,0,0,0,0,1,0,0,1, RM100 , RM300 ,1,1,Percuma,Percuma,
122,IJTM-033,IJTM-CET-016,https://mohon.tvet.gov.my/awam-kursus/kursus?id_kursus=30609,21 Bulan,0,0,0,0,0,0,0,0,0,0,1,0,0,1, RM100 , RM300 ,1,1,Percuma,Percuma,
123,IJTM-007,IJTM-CET-017,https://mohon.tvet.gov.my/awam-kursus/kursus?id_kursus=45646,27 Bulan,0,0,0,0,0,0,0,0,0,0,1,0,0,1, RM100 , RM300 ,1,1,Percuma,Percuma,
124,IJTM-013,IJTM-CET-017,https://mohon.tvet.gov.my/awam-kursus/kursus?id_kursus=45682,27 Bulan,0,0,0,0,0,0,0,0,0,0,1,0,0,1, RM100 , RM300 ,1,1,Percuma,Percuma,
125,IJTM-014,IJTM-CET-017,https://mohon.tvet.gov.my/awam-kursus/kursus?id_kursus=45643,21 Bulan,0,0,0,0,0,0,0,0,0,0,1,0,0,1, RM100 , RM300 ,1,1,Percuma,Percuma,
126,IJTM-020,IJTM-CET-017,https://mohon.tvet.gov.my/awam-kursus/kursus?id_kursus=45673,27 Bulan,0,0,0,0,0,0,0,0,0,0,1,0,0,1, RM100 , RM300 ,1,1,Percuma,Percuma,
127,IJTM-032,IJTM-CET-018,https://mohon.tvet.gov.my/awam-kursus/kursus?id_kursus=30543,21 Bulan,0,0,0,0,0,0,0,0,0,0,1,0,0,1, RM100 , RM300 ,1,1,Percuma,Percuma,
128,IJTM-015,IJTM-CET-019,https://mohon.tvet.gov.my/awam-kursus/kursus?id_kursus=34040,27 Bulan,0,0,0,0,0,0,0,0,0,0,1,0,0,1, RM100 , RM300 ,1,1,Percuma,Percuma,
129,IJTM-017,IJTM-CET-019,https://mohon.tvet.gov.my/awam-kursus/kursus?id_kursus=33968,27 Bulan,0,0,0,0,0,0,0,0,0,0,1,0,0,1, RM100 , RM300 ,1,1,Percuma,Percuma,
130,IJTM-018,IJTM-CET-019,https://mohon.tvet.gov.my/awam-kursus/kursus?id_kursus=33920,27 Bulan,0,0,0,0,0,0,0,0,0,0,1,0,0,1, RM100 , RM300 ,1,1,Percuma,Percuma,
131,IJTM-019,IJTM-CET-019,https://mohon.tvet.gov.my/awam-kursus/kursus?id_kursus=33938,27 Bulan,0,0,0,0,0,0,0,0,0,0,1,0,0,1, RM100 , RM300 ,1,1,Percuma,Percuma,
132,IJTM-020,IJTM-CET-019,https://mohon.tvet.gov.my/awam-kursus/kursus?id_kursus=33869,27 Bulan,0,0,0,0,0,0,0,0,0,0,1,0,0,1, RM100 , RM300 ,1,1,Percuma,Percuma,
133,IJTM-025,IJTM-CET-019,https://mohon.tvet.gov.my/awam-kursus/kursus?id_kursus=36921,27 Bulan,0,0,0,0,0,0,0,0,0,0,1,0,0,1, RM100 , RM300 ,1,1,Percuma,Percuma,
134,IJTM-013,IJTM-CET-020,https://mohon.tvet.gov.my/awam-kursus/kursus?id_kursus=10964,21 Bulan,0,0,0,0,0,0,0,0,0,0,1,0,0,1, RM100 , RM300 ,1,1,Percuma,Percuma,
135,IJTM-015,IJTM-CET-020,https://mohon.tvet.gov.my/awam-kursus/kursus?id_kursus=10082,21 Bulan,0,0,0,0,0,0,0,0,0,0,1,0,0,1, RM100 , RM300 ,1,1,Percuma,Percuma,
136,IJTM-021,IJTM-CET-021,https://mohon.tvet.gov.my/awam-kursus/kursus?id_kursus=30438,27 Bulan,0,0,0,0,0,0,0,0,0,0,1,0,0,1, RM100 , RM300 ,1,1,Percuma,Percuma,
137,IJTM-030,IJTM-CET-021,https://mohon.tvet.gov.my/awam-kursus/kursus?id_kursus=7204,27 Bulan,0,0,0,0,0,0,0,0,0,0,1,0,0,1, RM100 , RM300 ,1,1,Percuma,Percuma,
138,IJTM-024,IJTM-CET-022,https://mohon.tvet.gov.my/awam-kursus/kursus?id_kursus=7375,27 Bulan,0,0,0,0,0,0,0,0,0,0,1,0,0,1, RM100 , RM300 ,1,1,Percuma,Percuma,
139,IJTM-007,IJTM-CET-023,https://mohon.tvet.gov.my/awam-kursus/kursus?id_kursus=34019,27 Bulan,0,0,0,0,0,0,0,0,0,0,1,0,0,1, RM100 , RM300 ,1,1,Percuma,Percuma,
140,IJTM-012,IJTM-CET-024,https://mohon.tvet.gov.my/awam-kursus/kursus?id_kursus=36930,27 Bulan,0,0,0,0,0,0,0,0,0,0,1,0,0,1, RM100 , RM300 ,1,1,Percuma,Percuma,
141,IJTM-023,IJTM-CET-024,https://mohon.tvet.gov.my/awam-kursus/kursus?id_kursus=8005,27 Bulan,0,0,0,0,0,0,0,0,0,0,1,0,1,1, RM100 , RM300 ,1,1,Percuma,Percuma,
142,IJTM-033,IJTM-CET-024,https://mohon.tvet.gov.my/awam-kursus/kursus?id_kursus=36897,27 Bulan,0,0,0,0,0,0,0,0,0,0,1,0,1,1, RM100 , RM300 ,1,1,Percuma,Percuma,
143,IJTM-002,IJTM-CET-025,https://mohon.tvet.gov.my/awam-kursus/kursus?id_kursus=33908,27 Bulan,0,0,0,0,0,0,0,0,0,0,1,0,1,1, RM100 , RM300 ,1,1,Percuma,Percuma,
144,IJTM-013,IJTM-CET-025,https://mohon.tvet.gov.my/awam-kursus/kursus?id_kursus=33986,27 Bulan,0,0,0,0,0,0,0,0,0,0,1,0,1,1, RM100 , RM300 ,1,1,Percuma,Percuma,
145,IJTM-019,IJTM-CET-025,https://mohon.tvet.gov.my/awam-kursus/kursus?id_kursus=33935,27 Bulan,0,0,0,0,0,0,0,0,0,0,1,0,1,1, RM100 , RM300 ,1,1,Percuma,Percuma,
146,IJTM-032,IJTM-CET-025,https://mohon.tvet.gov.my/awam-kursus/kursus?id_kursus=33941,27 Bulan,0,0,0,0,0,0,0,0,0,0,1,0,1,1, RM100 , RM300 ,1,1,Percuma,Percuma,
147,IJTM-003,IJTM-CET-026,https://mohon.tvet.gov.my/awam-kursus/kursus?id_kursus=33959,27 Bulan,0,0,0,0,0,0,0,0,0,0,1,0,1,1, RM100 , RM300 ,1,1,Percuma,Percuma,
148,IJTM-027,IJTM-CET-027,https://mohon.tvet.gov.my/awam-kursus/kursus?id_kursus=34511,27 Bulan,0,0,0,0,0,0,0,0,0,0,1,0,1,1, RM100 , RM300 ,1,1,Percuma,Percuma,
149,IJTM-020,IJTM-CET-028,https://mohon.tvet.gov.my/awam-kursus/kursus?id_kursus=33866,27 Bulan,0,0,0,0,0,0,0,0,0,0,1,0,1,1, RM100 , RM300 ,1,1,Percuma,Percuma,
150,IJTM-012,IJTM-CET-029,https://mohon.tvet.gov.my/awam-kursus/kursus?id_kursus=33998,27 Bulan,0,0,0,0,0,0,0,0,0,0,1,0,0,1, RM100 , RM300 ,1,1,Percuma,Percuma,
151,IJTM-017,IJTM-CET-029,https://mohon.tvet.gov.my/awam-kursus/kursus?id_kursus=33965,27 Bulan,0,0,0,0,0,0,0,0,0,0,1,0,1,1, RM100 , RM300 ,1,1,Percuma,Percuma,
152,IJTM-021,IJTM-CET-029,https://mohon.tvet.gov.my/awam-kursus/kursus?id_kursus=33859,27 Bulan,0,0,0,0,0,0,0,0,0,0,1,0,0,1, RM100 , RM300 ,1,1,Percuma,Percuma,
153,IJTM-021,IJTM-CET-030,https://mohon.tvet.gov.my/awam-kursus/kursus?id_kursus=33865,27 Bulan,0,0,0,0,0,0,0,0,0,0,1,0,0,1, RM100 , RM300 ,1,1,Percuma,Percuma,
154,IJTM-002,IJTM-CET-031,https://mohon.tvet.gov.my/awam-kursus/kursus?id_kursus=34146,27 Bulan,0,0,0,0,0,0,0,0,0,0,1,0,0,1, RM100 , RM300 ,1,1,Percuma,Percuma,
155,IJTM-003,IJTM-CET-031,https://mohon.tvet.gov.my/awam-kursus/kursus?id_kursus=34535,27 Bulan,0,0,0,0,0,0,0,0,0,0,1,0,0,1, RM100 , RM300 ,1,1,Percuma,Percuma,
156,IJTM-005,IJTM-CET-031,https://mohon.tvet.gov.my/awam-kursus/kursus?id_kursus=45679,27 Bulan,0,0,0,0,0,0,0,0,0,0,1,0,0,1, RM100 , RM300 ,1,1,Percuma,Percuma,
157,IJTM-009,IJTM-CET-031,https://mohon.tvet.gov.my/awam-kursus/kursus?id_kursus=34562,27 Bulan,0,0,0,0,0,0,0,0,0,0,1,0,0,1, RM100 , RM300 ,1,1,Percuma,Percuma,
158,IJTM-023,IJTM-CET-031,https://mohon.tvet.gov.my/awam-kursus/kursus?id_kursus=34149,27 Bulan,0,0,0,0,0,0,0,0,0,0,1,0,0,1, RM100 , RM300 ,1,1,Percuma,Percuma,
159,IJTM-024,IJTM-CET-031,https://mohon.tvet.gov.my/awam-kursus/kursus?id_kursus=34152,27 Bulan,0,0,0,0,0,0,0,0,0,0,1,0,0,1, RM100 , RM300 ,1,1,Percuma,Percuma,
160,IJTM-028,IJTM-CET-031,https://mohon.tvet.gov.my/awam-kursus/kursus?id_kursus=34137,27 Bulan,0,0,0,0,0,0,0,0,0,0,1,0,0,1, RM100 , RM300 ,1,1,Percuma,Percuma,
161,IJTM-033,IJTM-CET-031,https://mohon.tvet.gov.my/awam-kursus/kursus?id_kursus=34580,27 Bulan,0,0,0,0,0,0,0,0,0,0,1,0,0,1, RM100 , RM300 ,1,1,Percuma,Percuma,
162,IJTM-034,IJTM-CET-031,https://mohon.tvet.gov.my/awam-kursus/kursus?id_kursus=34143,27 Bulan,0,0,0,0,0,0,0,0,0,0,1,0,0,1, RM100 , RM300 ,1,1,Percuma,Percuma,
163,IJTM-024,IJTM-CET-032,https://mohon.tvet.gov.my/awam-kursus/kursus?id_kursus=44050,27 Bulan,0,0,0,0,0,0,0,0,0,0,1,0,0,1, RM100 , RM300 ,1,1,Percuma,Percuma,
164,IJTM-002,IJTM-CET-033,https://mohon.tvet.gov.my/awam-kursus/kursus?id_kursus=39068,27 Bulan,0,0,0,0,0,0,0,0,0,0,1,0,0,1, RM100 , RM300 ,1,1,Percuma,Percuma,
165,IJTM-003,IJTM-CET-033,https://mohon.tvet.gov.my/awam-kursus/kursus?id_kursus=36782,27 Bulan,0,0,0,0,0,0,0,0,0,0,1,0,0,1, RM100 , RM300 ,1,1,Percuma,Percuma,
166,IJTM-017,IJTM-CET-033,https://mohon.tvet.gov.my/awam-kursus/kursus?id_kursus=36806,27 Bulan,0,0,0,0,0,0,0,0,0,0,1,0,0,1, RM100 , RM300 ,1,1,Percuma,Percuma,
167,IJTM-024,IJTM-CET-033,https://mohon.tvet.gov.my/awam-kursus/kursus?id_kursus=39074,27 Bulan,0,0,0,0,0,0,0,0,0,0,1,0,0,1, RM100 , RM300 ,1,1,Percuma,Percuma,
168,IJTM-028,IJTM-CET-033,https://mohon.tvet.gov.my/awam-kursus/kursus?id_kursus=36713,27 Bulan,0,0,0,0,0,0,0,0,0,0,1,0,0,1, RM100 , RM300 ,1,1,Percuma,Percuma,
169,IJTM-032,IJTM-CET-033,https://mohon.tvet.gov.my/awam-kursus/kursus?id_kursus=36764,27 Bulan,0,0,0,0,0,0,0,0,0,0,1,0,0,1, RM100 , RM300 ,1,1,Percuma,Percuma,
170,IJTM-033,IJTM-CET-033,https://mohon.tvet.gov.my/awam-kursus/kursus?id_kursus=36891,27 Bulan,0,0,0,0,0,0,0,0,0,0,1,0,0,1, RM100 , RM300 ,1,1,Percuma,Percuma,
171,IJTM-034,IJTM-CET-033,https://mohon.tvet.gov.my/awam-kursus/kursus?id_kursus=36728,27 Bulan,0,0,0,0,0,0,0,0,0,0,1,0,0,1, RM100 , RM300 ,1,1,Percuma,Percuma,
172,IJTM-015,IJTM-CET-034,https://mohon.tvet.gov.my/awam-kursus/kursus?id_kursus=36846,27 Bulan,0,0,0,0,0,0,0,0,0,0,1,0,0,1, RM100 , RM300 ,1,1,Percuma,Percuma,
173,IJTM-018,IJTM-CET-034,https://mohon.tvet.gov.my/awam-kursus/kursus?id_kursus=36749,27 Bulan,0,0,0,0,0,0,0,0,0,0,1,0,0,1, RM100 , RM300 ,1,1,Percuma,Percuma,
174,IJTM-020,IJTM-CET-034,https://mohon.tvet.gov.my/awam-kursus/kursus?id_kursus=36704,27 Bulan,0,0,0,0,0,0,0,0,0,0,1,0,0,1, RM100 , RM300 ,1,1,Percuma,Percuma,
175,IJTM-028,IJTM-CET-034,https://mohon.tvet.gov.my/awam-kursus/kursus?id_kursus=7219,27 Bulan,0,0,0,0,0,0,0,0,0,0,1,0,0,1, RM100 , RM300 ,1,1,Percuma,Percuma,
176,IJTM-034,IJTM-CET-035,https://mohon.tvet.gov.my/awam-kursus/kursus?id_kursus=7291,27 Bulan,0,0,0,0,0,0,0,0,0,0,1,0,0,1, RM100 , RM300 ,1,1,Percuma,Percuma,
177,IJTM-002,IJTM-CET-036,https://mohon.tvet.gov.my/awam-kursus/kursus?id_kursus=9269,27 Bulan,0,0,0,0,0,0,0,0,0,0,1,0,0,1, RM100 , RM300 ,1,1,Percuma,Percuma,
178,IJTM-021,IJTM-CET-037,https://mohon.tvet.gov.my/awam-kursus/kursus?id_kursus=7066,21 Bulan,0,0,0,0,0,0,0,0,0,0,1,0,0,1, RM100 , RM300 ,1,1,Percuma,Percuma,
179,IJTM-009,IJTM-CET-038,https://mohon.tvet.gov.my/awam-kursus/kursus?id_kursus=9617,21 Bulan,0,0,0,0,0,0,0,0,0,0,1,0,0,1, RM100 , RM300 ,1,1,Percuma,Percuma,
180,IJTM-019,IJTM-CET-038,https://mohon.tvet.gov.my/awam-kursus/kursus?id_kursus=7489,21 Bulan,0,0,0,0,0,0,0,0,0,0,1,0,0,1, RM100 , RM300 ,1,1,Percuma,Percuma,
181,IJTM-023,IJTM-CET-038,https://mohon.tvet.gov.my/awam-kursus/kursus?id_kursus=8002,21 Bulan,0,0,0,0,0,0,0,0,0,0,1,0,0,1, RM100 , RM300 ,1,1,Percuma,Percuma,